SET FOREIGN_KEY_CHECKS=0;
insert  into `canton`(`id_canton`,`canton`,`id_municipio`) values 
(10100,'CASCO URBANO',101),
(10101,'ASHAPUCO',101),
(10102,'CUYANAUSUL',101),
(10103,'CHANCUYO',101),
(10104,'CHIPILAPA',101),
(10105,'EL ANONAL',101),
(10106,'EL BARRO',101),
(10107,'EL JUNQUILLO',101),
(10108,'EL ROBLE',101),
(10109,'EL TIGRE',101),
(10110,'GUAYALTEPEC',101),
(10111,'LA COYOTERA',101),
(10112,'LA DANTA',101),
(10113,'MONTAÑITA',101),
(10114,'LAS CHINAMAS',101),
(10115,'LOS HUATALES',101),
(10116,'LOS MAGUEYES',101),
(10117,'LOS TOLES',101),
(10118,'LOMA DE LA GLORIA',101),
(10119,'LLANO DE LA LAGUNA',101),
(10120,'LLANO DE DOÑA MARIA',101),
(10121,'NEJAPA',101),
(10122,'PALO PIQUE',101),
(10123,'RIO FRIO',101),
(10124,'SAN LAZARO',101),
(10125,'SAN RAMON',101),
(10126,'SANTA CRUZ',101),
(10127,'SANTA ROSA ACACALCO',101),
(10128,'SUNTECUMAT',101),
(10129,'TACUBITA',101),
(10200,'CASCO URBANO',102),
(10201,'PALO VERDE',102),
(10202,'EL SAITILLAL',102),
(10203,'QUEZALAPA',102),
(10204,'SAN RAMON',102),
(10205,'TALTAPANCA',102),
(10206,'TIZAPA',102),
(10207,'TULAPA',102),
(10300,'CASCO URBANO',103),
(10301,'JOYA DEL PLATANAR',103),
(10302,'EL CHAYAL',103),
(10303,'EL IZCAQUILIO',103),
(10304,'JOYA DEL ZAPOTE',103),
(10305,'LA ESPERANZA',103),
(10306,'LOMAS DE ALARCON',103),
(10307,'PEPENANCE',103),
(10308,'RINCON GRANDE',103),
(10309,'SALITRERO',103),
(10310,'SAN JUAN EL ESPINO',103),
(10311,'SANTA RITA',103),
(10312,'TAPACUN',103),
(10313,'EL TORTUGUERO',103),
(10314,'ZUNCA',103),
(10400,'CASCO URBANO',104),
(10401,'EL ARCO',104),
(10403,'EL LIMO',104),
(10404,'EL MOLINO',104),
(10405,'EL NARANJITO',104),
(10406,'EL TRONCONAL',104),
(10407,'LA CEIBA',104),
(10408,'JOYA DE LOS APANTES',104),
(10409,'LOS TABLONES',104),
(10410,'SAN JOSE',104),
(10411,'SHUCUTITAN',104),
(10412,'TEXUXIN CHIRIZO',104),
(10500,'CASCO URBANO',105),
(10501,'COMAPA',105),
(10502,'EL ROSARIO',105),
(10503,'SAN ANTONIO',105),
(10600,'CASCO URBANO',106),
(10601,'CAUTA ABAJO',106),
(10602,'CAUTA ARRIBA',106),
(10603,'EL CARMEN',106),
(10604,'EL ESCALON',106),
(10605,'EL ROSARIO',106),
(10606,'EL ZARZAL',106),
(10607,'IZTAGAPAN',106),
(10608,'LA ESPERANZA',106),
(10609,'LA PAZ',106),
(10610,'LOS PLATANARES',106),
(10611,'LOS PUENTECITOS',106),
(10612,'MORRO GRANDE',106),
(10613,'SAN ANDRES',106),
(10614,'SAN MARTIN',106),
(10700,'CASCO URBANO',107),
(10701,'BARRA DE SANTIAGO',107),
(10702,'EL DIAMANTE',107),
(10703,'FAYA',107),
(10704,'GUAYAPA ABAJO',107),
(10705,'GUAYAPA ARRIBA',107),
(10706,'LAS MESAS',107),
(10707,'LOS AMATES',107),
(10708,'ROSARIO ABAJO',107),
(10709,'ROSARIO ARRIBA',107),
(10710,'SAN ANTONIO',107),
(10711,'SAN JOSE EL NARANJO',107),
(10712,'TIHUICHA',107),
(10713,'ZAPUA',107),
(10800,'CASCO URBANO',108),
(10801,'CARA SUCIA',108),
(10802,'EL COROZO',108),
(10803,'EL JOCOTILLO',108),
(10804,'EL SACRAMENTO',108),
(10805,'EL ZAPOTE',108),
(10806,'GARITA PALMERA',108),
(10807,'LA CEIBA',108),
(10808,'LA HACHADURA',108),
(10809,'SAN BENITO',108),
(10900,'CASCO URBANO',109),
(10901,'EL CONACASTE',109),
(10902,'EL JICARAL',109),
(10903,'EL PORTILLO',109),
(10904,'LA GUASCOTA',109),
(10905,'LAS POZAS',109),
(10906,'SAN JUAN BUENA VISTA',109),
(11000,'CASCO URBANO',110),
(11001,'EL CORTEZ',110),
(11002,'EL DURAZNO',110),
(11003,'GUACHIPILIN',110),
(11004,'LA CONCEPCION',110),
(11005,'PULULAPA',110),
(11006,'TEXISPULCO',110),
(11100,'CASCO URBANO',111),
(11101,'AGUA FRIA',111),
(11102,'EL CHAGUITE',111),
(11103,'EL JICARO',111),
(11104,'EL NISPERO',111),
(11105,'EL RODEO',111),
(11106,'EL ROSARIO',111),
(11107,'EL SINCUYO',111),
(11108,'LOMA LARGA',111),
(11109,'LA MONTAÑA',111),
(11110,'LA PANDEADURA',111),
(11111,'LA PUERTA',111),
(11112,'MONTE HERMOSO',111),
(11113,'SAN JUAN',111),
(11114,'SAN RAFAEL',111),
(11115,'CANTON VALLE LA PUERTA',111),
(11200,'CASCO URBANO',112),
(11201,'EL JOBO',112),
(11202,'EL PARAISO',112),
(20100,'CASCO URBANO',201),
(20101,'CASAS DE TEJA',201),
(20102,'EL JUTE',201),
(20103,'ZACAMIL',201),
(20104,'LA CRIBA',201),
(20105,'LA PARADA',201),
(20106,'MONTE VERDE',201),
(20107,'PIEDRAS AZULES',201),
(20108,'SAN JERONIMO',201),
(20110,'SAN VICENTE',201),
(20111,'TIERRA BLANCA',201),
(20200,'CASCO URBANO',202),
(20201,'LA JOYA',202),
(20202,'LAS PILETAS',202),
(20203,'PALO NEGRO',202),
(20204,'EL RESBALADERO',202),
(20205,'SAN FELIPE',202),
(20206,'SAN JACINTO',202),
(20207,'SIETE PRINCIPES',202),
(20208,'SOLIMAN',202),
(20209,'EL ZACATAL',202),
(20210,'SOLIMAR EL POTOSI',202),
(20211,'CAÑA BRAVA',202),
(20212,'CONACASTE',202),
(20213,'CONCEPCION',202),
(20214,'EL CERRO',202),
(20215,'EL TINTERAL',202),
(20216,'EL JOCOTON',202),
(20217,'EL JUNQUILLO',202),
(20218,'NANCINTEPEQUE',202),
(20300,'CASCO URBANO',203),
(20301,'AYUTEPEQUE',203),
(20302,'BUENOS AIRES',203),
(20303,'EL DURAZNILLO',203),
(20304,'EL ARADO',203),
(20305,'EL COCO',203),
(20306,'EL CUJE',203),
(20307,'EL PASTE',203),
(20308,'EL TANQUE',203),
(20309,'GALEANO',203),
(20310,'GUACHIPILIN',203),
(20311,'LA LIBERTAD',203),
(20312,'MAGDALENA',203),
(20313,'LAS CRUCES',203),
(20314,'LAS FLORES',203),
(20315,'OJO DE AGUA',203),
(20316,'PIEDRA RAJADA',203),
(20317,'PORVENIR JOCOTILLO',203),
(20318,'SAN JOSE',203),
(20319,'SAN SEBASTIAN',203),
(20320,'ZACAMIL',203),
(20400,'CASCO URBANO',204),
(20401,'EL PEZOTE',204),
(20402,'EL RODEO',204),
(20403,'EL GUINEO',204),
(20404,'LOS PINOS',204),
(20405,'LA PRESA',204),
(20406,'LA LAGUNA',204),
(20407,'MONTEBELLO',204),
(20408,'SAN JOSE LAS FLORES',204),
(20409,'LAS ARADAS',204),
(20500,'CASCO URBANO',205),
(20501,'EL ROSARIO',205),
(20502,'SAN JUAN CHIQUITO',205),
(20503,'SAN CRISTOBAL',205),
(20504,'SANTA ROSA SENCA',205),
(20600,'CASCO URBANO',206),
(20601,'EL CARMEN',206),
(20602,'HONDURITAS',206),
(20603,'LA JOYA',206),
(20604,'LA RUDA',206),
(20605,'SAN SEBASTIAN',206),
(20700,'CASCO URBANO',207),
(20701,'ALDEA ZAPOTE',207),
(20702,'BELEN GUIJAT',207),
(20703,'SAN JOSE CAMULIANI',207),
(20704,'CAÑAS DULCES',207),
(20705,'EL CAPULIN',207),
(20706,'EL CARRIZALILLO',207),
(20707,'CUYUISCAT',207),
(20708,'EL BRUJO',207),
(20709,'EL LIMO',207),
(20710,'MAL PASO',207),
(20711,'EL PANAL',207),
(20712,'EL ROSARIO',207),
(20713,'EL SHISTE',207),
(20714,'LA CEIBITA',207),
(20715,'LA ISLA',207),
(20716,'LA JOYA',207),
(20717,'LAS PAVAS',207),
(20718,'LAS PIEDRAS',207),
(20719,'MATALAPA',207),
(20720,'MONTENEGRO',207),
(20721,'SAN ANTONIO LA JUNTA',207),
(20722,'SAN ANTONIO MASAHUAT',207),
(20723,'SAN JERONIMO',207),
(20724,'SAN JOSE INGENIO',207),
(20725,'SAN JUAN LAS MINAS',207),
(20726,'SAN MIGUEL INGENIO',207),
(20727,'SANTA RITA',207),
(20728,'TAHUILAPA',207),
(20729,'TECOMAPA',207),
(20800,'CASCO URBANO',208),
(20802,'EL TABLON',208),
(20803,'LA PIEDRONA',208),
(20804,'EL ANGEL',208),
(20900,'CASCO URBANO',209),
(20901,'LOS AMATES',209),
(20902,'SAN LUIS',209),
(20903,'SANTA BARBARA',209),
(20904,'SANTA ROSA',209),
(21000,'CASCO URBANO',210),
(21001,'AYUTA',210),
(21002,'CALZONTES ABAJO',210),
(21003,'CALZONTES ARRIBA',210),
(21004,'CUTUMAY CAMONES',210),
(21005,'EL PORTEZUELO',210),
(21006,'FLOR AMARILLA ABAJO',210),
(21007,'FLOR AMARILLA ARRIBA',210),
(21008,'LA EMPALIZADA',210),
(21009,'LA MONTAÑITA',210),
(21010,'LAS ARADAS',210),
(21011,'LOMAS DE SAN MARCELINO',210),
(21012,'LOS APOYOS',210),
(21013,'MONTE LARGO',210),
(21014,'NANCINTEPEQUE',210),
(21015,'NATIVIDAD',210),
(21016,'OCHUPSE ABAJO',210),
(21017,'OCHUPSE ARRIBA',210),
(21018,'PALO DE CAMPANA',210),
(21019,'PINALITO',210),
(21020,'PINALON',210),
(21021,'PLANES DE LA LAGUNA',210),
(21022,'POTRERILLOS DE LA LAGUNA',210),
(21023,'POTRERILLOS DEL MATAZANO',210),
(21024,'POTRERO GRANDE ABAJO',210),
(21025,'POTRERO GRANDE ARRIBA',210),
(21026,'PRIMAVERA',210),
(21027,'RANCHADOR',210),
(21028,'SAN JUAN BUENA VISTA',210),
(21029,'VALLE DEL MATAZANO',210),
(21030,'TABLON DEL MATAZANO',210),
(21100,'CASCO URBANO',211),
(21101,'EL DESPOBLADO',211),
(21102,'EL MATAZANO',211),
(21103,'PALO GALAN',211),
(21104,'LLANO DE LAS MAJADAS',211),
(21105,'SAN FRANCISCO APANTA',211),
(21106,'SAN JOSE CAPULIN',211),
(21200,'CASCO URBANO',212),
(21201,'GUACAMAYAS',212),
(21202,'LA DANTA',212),
(21203,'EL FLOR',212),
(21204,'LAS PILETAS',212),
(21205,'CHILAMATES',212),
(21206,'SANTA CRUZ',212),
(21300,'CASCO URBANO',213),
(21301,'COSTA RICA',213),
(21302,'CUJUCUYO',213),
(21303,'EL JUTE',213),
(21304,'SAN MIGUEL',213),
(21305,'SANTO TOMAS',213),
(21306,'CHILCUYO',213),
(30100,'CASCO URBANO',301),
(30101,'EL COYOL',301),
(30102,'EL SALAMO',301),
(30103,'EL SUNCITA',301),
(30104,'METALIO',301),
(30105,'MORRO GRANDE',301),
(30106,'PUNTA REMEDIOS',301),
(30107,'SAN JULIAN',301),
(30108,'VALLE NUEVO',301),
(30200,'CASCO URBANO',302),
(30201,'AZACUALPA',302),
(30202,'EL CERRO',302),
(30203,'EL GUAYABO',302),
(30204,'EL ROSARIO',302),
(30205,'LA PUERTA',302),
(30206,'LAS CRUCITAS',302),
(30207,'LOS MANGOS',302),
(30209,'TRES CEIBAS',302),
(30210,'VALLE NUEVO',302),
(30300,'CASCO URBANO',303),
(30301,'AGUA CALIENTE',303),
(30302,'SUQUIAT',303),
(30303,'EL CASTAÑO',303),
(30304,'LAS FLORES',303),
(30305,'AMAYO',303),
(30306,'LOS GRAMALES',303),
(30307,'EL ZAPOTE',303),
(30308,'CERRO ALTO',303),
(30400,'CASCO URBANO',304),
(30401,'AGUASHUCA',304),
(30402,'APANCOYO',304),
(30403,'COQUIAMA',304),
(30404,'EL BALSAMAR',304),
(30405,'SAN LUCAS',304),
(30500,'CASCO URBANO',305),
(30501,'ACACHAPA',305),
(30502,'APANCOYO',305),
(30503,'ATILUYA',305),
(30504,'EL COROZAL',305),
(30505,'EL PARAISO',305),
(30506,'LAS PIEDRAS',305),
(30507,'MIRAMAR',305),
(30508,'PASO DE CANOAS',305),
(30600,'CASCO URBANO',306),
(30601,'CANGREJERA',306),
(30602,'CEIBA DEL CHARCO',306),
(30603,'CRUZ GRANDE',306),
(30604,'CUNTAN',306),
(30605,'CUYAGUALO',306),
(30606,'CHORRO ABAJO',306),
(30607,'CHORRO ARRIBA',306),
(30608,'EL SUNZA',306),
(30609,'HUISCOYOLATE',306),
(30610,'JOYA DE CEREN',306),
(30611,'LA CHAPINA',306),
(30612,'QUEBRADA ESPAÑOLA',306),
(30613,'LAS HIGUERAS',306),
(30614,'LAS LAJAS',306),
(30615,'LAS MARIAS',306),
(30616,'PIEDRAS PACHAS',306),
(30617,'SAN ISIDRO',306),
(30618,'SAN LUIS',306),
(30619,'SHO SHON',306),
(30620,'TALCOMUNCA',306),
(30621,'TAPALSHUCUT',306),
(30622,'TECUMA',306),
(30623,'TESHCAL',306),
(30624,'TRES CEIBAS',306),
(30625,'LOS TUNALMILES',306),
(30700,'CASCO URBANO',307),
(30701,'BUENOS AIRES',307),
(30702,'LA PUENTE',307),
(30703,'LA UNION',307),
(30704,'LOS APANTES',307),
(30705,'LOS CAÑALES',307),
(30706,'LOS NARANJOS',307),
(30707,'OJO DE AGUA',307),
(30708,'SAN JOSE LA MAJADA',307),
(30709,'SAN JUAN DE DIOS',307),
(30710,'VALLE NUEVO',307),
(30800,'CASCO URBANO',308),
(30801,'ANAL ABAJO',308),
(30802,'ANAL ARRIBA',308),
(30803,'CUSAMALUCO',308),
(30804,'LOS ARENALES',308),
(30805,'EL CANELO',308),
(30806,'EL CARRIZAL',308),
(30807,'EL CERRITO',308),
(30808,'EL CHAPARRON',308),
(30809,'LA GUACAMAYA',308),
(30810,'PUSHTAN',308),
(30811,'SABANA GRANDE',308),
(30812,'SABANA SAN JUAN ABAJO',308),
(30813,'SABANA SAN JUAN ARRIBA',308),
(30814,'SISIMITEPEC',308),
(30815,'TAJCUILUJLAN',308),
(30900,'CASCO URBANO',309),
(30901,'ALEMAN',309),
(30902,'CONACASTE HERRADO',309),
(30903,'EL GUAYABO',309),
(30904,'PIEDRA DE MOLER',309),
(31000,'CASCO URBANO',310),
(31001,'EL PUENTE',310),
(31002,'LO ANISALES',310),
(31100,'CASCO URBANO',311),
(31101,'AGUA SANTA',311),
(31102,'CUYUAPA ABAJO',311),
(31103,'CUYUAPA ARRIBA',311),
(31104,'EL CASTAÑO',311),
(31105,'LAS HOJAS',311),
(31106,'SAN RAMON',311),
(31200,'CASCO URBANO',312),
(31201,'AGUASHUCA',312),
(31202,'CHILATA',312),
(31203,'EL ACHIOTAL',312),
(31204,'EL BEBEDERO',312),
(31205,'LOS LAGARTOS',312),
(31206,'PALO VERDE',312),
(31207,'PEÑA BLANCA',312),
(31208,'PETACAS',312),
(31209,'TIERRA COLORADA',312),
(31300,'CASCO URBANO',313),
(31301,'CUYUAPA',313),
(31302,'EL MATAZANO',313),
(31303,'LAS PEÑAS',313),
(31304,'SAN RAFAEL',313),
(31400,'CASCO URBANO',314),
(31401,'EL CARRIZAL',314),
(31402,'EL CAULOTE',314),
(31403,'EL ZARZAL',314),
(31404,'EL ZOPE',314),
(31500,'CASCO URBANO',315),
(31501,'CHIQUIHUAT',315),
(31502,'EL CACAO',315),
(31503,'EL EDEN',315),
(31504,'EL PRESIDIO',315),
(31505,'LA ENSENADA',315),
(31506,'LAS DELICIAS',315),
(31507,'LAS TABLAS',315),
(31508,'LOMA DEL MUERTO',315),
(31509,'MIRAVALLE',315),
(31510,'SALINAS DE AYACACHAPA',315),
(31511,'SANTA EMILIA',315),
(31512,'TONALA',315),
(31600,'CASCO URBANO',316),
(31601,'EL ALMENDRO',316),
(40100,'CASCO URBANO',401),
(40101,'AGUAFRIA',401),
(40102,'AGUA ZARCA',401),
(40103,'CERRO GRANDE',401),
(40104,'ENCUMBRADO',401),
(40105,'OBRAJUELA',401),
(40106,'OJOS DE AGUA',401),
(40107,'SANTA ROSA',401),
(40200,'CASCO URBANO',402),
(40201,'CERRO GRANDE',402),
(40202,'LOS SITIOS',402),
(40203,'TEQUEQUE',402),
(40204,'GUALCIMACA',402),
(40205,'LAS VEGAS',402),
(40206,'LOS FILOS',402),
(40208,'TEOSINTE',402),
(40300,'CASCO URBANO',403),
(40301,'CUESTAMARINA',403),
(40302,'EL LLANO',403),
(40400,'CASCO URBANO',404),
(40401,'CUALCHO',404),
(40402,'LAGUNETAS',404),
(40403,'LOS PLANES',404),
(40404,'LLANO DE LA VIRGEN',404),
(40405,'SAN FRANCISCO',404),
(40406,'SAN LORENZO',404),
(40407,'SAN RAMON',404),
(40408,'TALQUEZALAR',404),
(40500,'CASCO URBANO',405),
(40501,'CANDELARIA',405),
(40502,'EL MORRO',405),
(40503,'GUACHIPILIN',405),
(40504,'LA JUNTA',405),
(40600,'CASCO URBANO',406),
(40601,'EL CONACASTE',406),
(40602,'EL JOCOTILLO',406),
(40603,'LLANO GRANDE',406),
(40604,'EL ROSARIO',406),
(40605,'MONTE REDONDO',406),
(40606,'OLOSINGO',406),
(40700,'CASCO URBANO',407),
(40701,'CHIAPAS',407),
(40702,'GUARJILA',407),
(40703,'LAS MINAS',407),
(40704,'SAN BARTOLO',407),
(40705,'SAN JOSE',407),
(40706,'UPATORO',407),
(40800,'CASCO URBANO',408),
(40801,'CUEVITAS',408),
(40802,'CHORRO BLANCO',408),
(40803,'EL COMUN',408),
(40804,'EL OCOTAL',408),
(40805,'EL ROSARIO',408),
(40806,'LOS GUTIERREZ',408),
(40807,'LOS ACHIOTES',408),
(40808,'LOS ENCUENTROS',408),
(40809,'LOS SITIOS',408),
(40900,'CASCO URBANO',409),
(40901,'LA TRINIDAD',409),
(40902,'PETAPAS',409),
(40903,'POTRERILLOS',409),
(40904,'VAINILLAS',409),
(41000,'CASCO URBANO',410),
(41001,'EL TABLON',410),
(41002,'SANTA BARBARA',410),
(41003,'VALLE NUEVO',410),
(41100,'CASCO URBANO',411),
(41101,'LAS PACAYAS',411),
(41102,'LOS PRADOS',411),
(41103,'PLAN VERDE',411),
(41104,'SAN JOSE',411),
(41105,'LA CUCHILLA',411),
(41200,'CASCO URBANO',412),
(41201,'EL AGUACATAL',412),
(41202,'EL GRAMAL',412),
(41203,'LAS GRANADILLAS',412),
(41204,'LOS HORCONES',412),
(41205,'LOS PLANES',412),
(41206,'SAN JOSE SACARE',412),
(41207,'SAN JOSE CALERAS',412),
(41208,'EL TUNEL',412),
(41300,'CASCO URBANO',413),
(41301,'EL PEPETO',413),
(41302,'EL TIGRE',413),
(41303,'LAS CAÑAS',413),
(41304,'LAS PEÑAS',413),
(41305,'LOS TECOMATES',413),
(41306,'TALCHALUYA',413),
(41307,'TILAPA',413),
(41400,'CASCO URBANO',414),
(41401,'CONACASTE',414),
(41402,'SICAHUITE',414),
(41403,'LA CEIBA',414),
(41404,'LA LAGUNA',414),
(41405,'LOS NARANJOS',414),
(41406,'SAN JOSE',414),
(41500,'CASCO URBANO',415),
(41501,'ESCALANTE',415),
(41502,'LOS HENRIQUEZ',415),
(41503,'PATAMERA',415),
(41504,'PLAZUELAS',415),
(41505,'POTRERIOS',415),
(41506,'QUIPURE',415),
(41600,'CASCO URBANO',416),
(41601,'LOS CHILAMATES',416),
(41602,'EL GAVILAN',416),
(41603,'EL ZAPOTE',416),
(41604,'LAGUNA SECA',416),
(41605,'LAS TABLAS',416),
(41606,'POTENCIANA',416),
(41607,'POTRERO SULA',416),
(41608,'SANTA RITA CIMARRON',416),
(41609,'SANTA ROSA',416),
(41610,'SUNAPA',416),
(41700,'CASCO URBANO',417),
(41701,'CARASQUE',417),
(41702,'EL SITIO',417),
(41703,'EL ZACAMIL',417),
(41704,'HACIENDA VIEJA',417),
(41705,'JAHUATAYA',417),
(41706,'HUIZUCAR',417),
(41707,'SAN ANTONIO MANAQUIL',417),
(41800,'CASCO URBANO',418),
(41801,'EL COYOLAR',418),
(41802,'EL PORTILLO',418),
(41803,'EL SITIO',418),
(41804,'EL TABLON',418),
(41805,'EL ZAPOTAL',418),
(41806,'LA MONTAÑITA',418),
(41807,'YURIQUE',418),
(41900,'CASCO URBANO',419),
(41901,'CORRAL FALSO',419),
(41902,'LA MONTAÑA',419),
(41903,'MONTE REDONDO',419),
(41904,'SANTA TERESA',419),
(41905,'PLAN DE LAS POZAS',419),
(42000,'CASCO URBANO',420),
(42001,'COPALIO',420),
(42002,'EL ZAPOTE',420),
(42003,'SAN BENITO',420),
(42004,'SANTA ANA',420),
(42100,'CASCO URBANO',421),
(42101,'EL GRAMAL',421),
(42200,'CASCO URBANO',422),
(42201,'JOCOTAN',422),
(42202,'LOS LLANITOS',422),
(42203,'NUEVO SAN FERNANDO O ROBLAR',422),
(42204,'SAN JUAN DE LA CRUZ',422),
(42205,'VALLE DE JESUS',422),
(42300,'CASCO URBANO',423),
(42301,'LOS MENJIVAR',423),
(42302,'LOS ZEPEDA',423),
(42400,'CASCO URBANO',424),
(42401,'HIGUERAL',424),
(42402,'LAS CAÑITAS',424),
(42403,'LAS PARVITAS',424),
(42404,'LOS NARANJOS',424),
(42405,'PLAN DEL HORNO',424),
(42406,'SAN MIGUELITO',424),
(42407,'ZUMPUL DE AVELAR',424),
(42408,'ZUMPUL DE CHACON',424),
(42409,'TEOSINTE',424),
(42410,'TREMEDAL',424),
(42500,'CASCO URBANO',425),
(42501,'EL CARMEN',425),
(42502,'EL CENTRO',425),
(42503,'EL PINAR',425),
(42506,'RIO CHIQUITO',425),
(42507,'SANTA ROSA',425),
(42508,'EL ROSARIO',425),
(42509,'LAS PILAS',425),
(42600,'CASCO URBANO',426),
(42601,'ALVARENGA',426),
(42602,'EL MOJON',426),
(42603,'SICAHUITAL',426),
(42604,'SAN JOSE DE LA MONTAÑA',426),
(42605,'LOS AMATES',426),
(42700,'CASCO URBANO',427),
(42701,'CANDELARIA',427),
(42702,'CONCEPCION',427),
(42703,'LOS GUILLEN',427),
(42704,'PORTILLO DEL NORTE',427),
(42800,'CASCO URBANO',428),
(42801,'ALDEA VIEJA',428),
(42802,'HACIENDA',428),
(42803,'HACIENDA VIEJA',428),
(42804,'LA LAGUNETA',428),
(42805,'LAS LIMAS',428),
(42806,'LLANO VERDE',428),
(42900,'CASCO URBANO',429),
(42901,'EL PITAL',429),
(42902,'EL SITIO',429),
(42903,'LOS NARANJOS',429),
(42905,'SANTA CRUZ',429),
(43000,'CASCO URBANO',430),
(43001,'CERRO DE LA CRUZ',430),
(43002,'EL MATAZANO',430),
(43003,'EL SALITRE',430),
(43004,'LOS GUARDADO',430),
(43005,'PIEDRAS GORDAS',430),
(43100,'CASCO URBANO',431),
(43101,'LOS DESAMPARADOS',431),
(43102,'OJOS DE AGUA',431),
(43103,'SAN ANTONIO BUENA VISTA',431),
(43104,'SAN JOSE LOS SITIOS',431),
(43200,'CASCO URBANO',432),
(43201,'BARILLAS',432),
(43202,'EL CHILAMATE',432),
(43203,'SAN MIGUEL TOBIAS',432),
(43204,'SAN NICOLAS PIEDRAS GORDAS',432),
(43300,'CASCO URBANO',433),
(43301,'AGUAJE ESCONDIDO',433),
(43302,'ALDEITA',433),
(43303,'LOS APOSENTOS',433),
(43304,'CONCEPCION',433),
(43305,'EL CARRIZAL',433),
(43306,'EL CERRON',433),
(43307,'EL SALITRE',433),
(43308,'EL TRANSITO',433),
(43309,'ESTANZUELAS',433),
(43310,'SAN JOSE',433),
(43311,'LOS MARTINEZ',433),
(43312,'QUITASOL',433),
(43313,'RIO GRANDE DE ALVARADO',433),
(43314,'RIO GRANDE DE CARDOZA',433),
(43315,'EL IZOTAL',433),
(50100,'CASCO URBANO',501),
(50101,'EL ESPINO',501),
(50102,'LA LABRANZA',501),
(50103,'SOLEDAD',501),
(50200,'CASCO URBANO',502),
(50201,'EL CONACASTE',502),
(50202,'LA ESPERANZA',502),
(50203,'LA JOYITA',502),
(50204,'LA REFORMA',502),
(50205,'LAS CRUCES',502),
(50206,'LOMAS DE ANDALUCIA',502),
(50207,'LOS ACOSTA',502),
(50208,'SAN ANDRES',502),
(50209,'SANTA LUCIA',502),
(50210,'SANTA ROSA',502),
(50211,'VERACRUZ',502),
(50212,'ZAPOTITAN',502),
(50300,'CASCO URBANO',503),
(50301,'BOTONCILLAL',503),
(50302,'EL CAPULIN',503),
(50303,'EL COBANAL',503),
(50304,'EL LIMON',503),
(50305,'EL MANGUITO',503),
(50306,'ENTRE RIOS',503),
(50307,'HACIENDA NUEVA',503),
(50308,'LAS ANGOSTURAS',503),
(50309,'LAS BRISAS',503),
(50310,'LAS MORAS',503),
(50311,'LOURDES',503),
(50400,'CASCO URBANO',504),
(50401,'EL CONACASTE',504),
(50402,'EL FARO',504),
(50403,'EL MATAZANO',504),
(50404,'EL PEÑON',504),
(50405,'EL ROSARIO',504),
(50406,'LA SHILA',504),
(50407,'SAN ANTONIO',504),
(50408,'SAN FRANCISCO POTRERON',504),
(50500,'CASCO URBANO',505),
(50501,'CUERVO ABAJO',505),
(50502,'CUERVO ARRIBA',505),
(50503,'EL REGADILLO',505),
(50504,'EL ZONTE',505),
(50505,'JULUPE',505),
(50506,'LAS FLORES',505),
(50507,'LAS TERMOPILAS',505),
(50508,'SANTA LUCIA',505),
(50509,'SANTA MARTA',505),
(50510,'SIBERIA',505),
(50511,'TAQUILLO',505),
(50600,'CASCO URBANO',506),
(50601,'AMAQUILCO',506),
(50602,'LA LIMA',506),
(50603,'NAZARETH',506),
(50604,'OJOS DE AGUA',506),
(50605,'SAN JUAN BUENAVISTA',506),
(50606,'TILAPA',506),
(50700,'CASCO URBANO',507),
(50701,'JUAN HIGINIO O LA CUMBRE',507),
(50702,'LAS FLORES',507),
(50703,'LAS MINAS',507),
(50704,'LA LABOR',507),
(50800,'CASCO URBANO',508),
(50801,'LA ARGENTINA',508),
(50802,'LA PERLA',508),
(50803,'SAN JOSE TABLON',508),
(50804,'EL NISPERO',508),
(50805,'EL CARRIZO',508),
(50900,'CASCO URBANO',509),
(50901,'CANGREJERA',509),
(50902,'EL CIMARRON',509),
(50903,'EL MAJAHUAL',509),
(50904,'MELARA',509),
(50905,'SAN ALFREDO',509),
(50906,'SAN DIEGO',509),
(50907,'SAN RAFAEL',509),
(50908,'SANTA CRUZ',509),
(50909,'TEPEAGUA',509),
(50910,'TECOLUCA',509),
(51000,'CASCO URBANO',510),
(51001,'AREA RURAL',510),
(51100,'CASCO URBANO',511),
(51101,'ALVAREZ',511),
(51102,'AYAGUALO',511),
(51103,'BUENA VISTA',511),
(51104,'EL LIMON',511),
(51105,'EL MATAZANO',511),
(51106,'EL PROGRESO',511),
(51107,'QUEQUEISQUE',511),
(51108,'EL TRIUNFO',511),
(51109,'EL SACAZIL',511),
(51110,'LAS GRANADILLAS',511),
(51111,'LOMA LARGA',511),
(51112,'LOS AMATES',511),
(51113,'LOS PAJALES',511),
(51114,'VICTORIA',511),
(51200,'CASCO URBANO',512),
(51201,'EL PUENTE',512),
(51202,'EL SEÑOR',512),
(51203,'GIRON',512),
(51204,'LAS MERCEDES',512),
(51205,'MACANCE',512),
(51206,'PRIMAVERA',512),
(51207,'PLATANILLOS',512),
(51208,'SAN JUAN LOS PLANES',512),
(51209,'SAN FRANCISCO',512),
(51210,'SANTA ROSA',512),
(51211,'SEGURA',512),
(51212,'SITIO DE LOS NEJAPA',512),
(51213,'TACACHICO',512),
(51300,'CASCO URBANO',513),
(51301,'ATEOS',513),
(51302,'BUENA VISTA',513),
(51303,'LA MONTAÑITA',513),
(51400,'CASCO URBANO',514),
(51401,'EL ESCALON',514),
(51402,'MATAZANO',514),
(51403,'EL PALOMAR',514),
(51404,'LAS DISPENSAS',514),
(51405,'TULA',514),
(51500,'CASCO URBANO',515),
(51501,'AGUA ESCONDIDA',515),
(51502,'BARRANCA HONDA',515),
(51503,'BUENA VISTA',515),
(51504,'CHANMICO',515),
(51505,'CHANTUSNENE',515),
(51506,'EL ANGEL TALCUALUYA',515),
(51507,'EL CASTILLO',515),
(51508,'EL JABALI',515),
(51509,'EL MATAZANO',515),
(51510,'JOYA DE CEREN',515),
(51511,'LA NUEVA ENCARNACION',515),
(51512,'LAS DELICIAS',515),
(51513,'GRANADILLAS',515),
(51515,'LOS AMATES',515),
(51516,'MINAS DE PLOMO',515),
(51517,'NOMBRE DE DIOS',515),
(51518,'PITICHORRO',515),
(51519,'SAN ANTONIO',515),
(51520,'SAN FELIPE',515),
(51521,'SAN JOSE LA CUEVA',515),
(51522,'SAN NICOLAS LOS ENCUENTROS',515),
(51523,'SAN NICOLAS LA ENCARNACION',515),
(51524,'SAN PEDRO MARTIR',515),
(51525,'SAN PEDRO ORIENTE',515),
(51526,'SITIO DEL NIÑO',515),
(51527,'SITIO GRANDE',515),
(51528,'TEHUICHO',515),
(51600,'CASCO URBANO',516),
(51601,'EL JICARO',516),
(51602,'EL JOCOTE',516),
(51603,'LA PUEBLA',516),
(51604,'LAS ANONAS',516),
(51605,'MASAJAPA',516),
(51606,'SAN PEDRO LAS FLORES',516),
(51607,'SANTA ROSA',516),
(51608,'SANTA TERESA',516),
(51700,'CASCO URBANO',517),
(51701,'ATIOCOYO',517),
(51702,'CAMPANA',517),
(51703,'EL TRANSITO',517),
(51704,'SAN JUAN MESAS',517),
(51705,'MOGOTES',517),
(51706,'MONCAGUA',517),
(51707,'OBRAJE NUEVO',517),
(51708,'SAN ISIDRO',517),
(51800,'CASCO URBANO',518),
(51801,'BUENOS AIRES',518),
(51802,'EL CUERVO',518),
(51803,'EL PALMAR',518),
(51804,'EL PINAL',518),
(51805,'EL SUNZAL',518),
(51806,'SAN ALFONSO',518),
(51807,'SAN BENITO',518),
(51808,'SAN EMILIO',518),
(51809,'SAN ISIDRO',518),
(51810,'SANTA LUCIA',518),
(51811,'TARPEYA',518),
(51812,'SAN ANTONIO',518),
(51900,'CASCO URBANO',519),
(51901,'EL TRANSITO',519),
(51902,'LAS QUEBRADAS',519),
(51903,'LOS CIPRESES',519),
(51904,'LOS LAURELES',519),
(51905,'SAN CARLOS',519),
(51906,'SAN JOSE LOS SITIOS',519),
(51907,'SANTA LUCIA',519),
(52000,'CASCO URBANO',520),
(52001,'EL ANGEL',520),
(52002,'LOS IZOTES',520),
(52003,'EL MATAZANO',520),
(52005,'MIZATA',520),
(52007,'SAN BENITO',520),
(52008,'SAN ISIDRO',520),
(52009,'SAN MARCOS',520),
(52010,'SANTA MARIA MIZATA',520),
(52011,'SIHUAPILAPA',520),
(52100,'CASCO URBANO',521),
(52101,'EL CARRIZO',521),
(52102,'EL GUAMO',521),
(52103,'EL MOJON',521),
(52104,'EL ZACAMIL',521),
(52105,'LA JAVIA',521),
(52106,'LAS FLORES',521),
(52107,'LOS ALPES',521),
(52108,'LOS LAURELES',521),
(52109,'SAN ANTONIO',521),
(52110,'TIERRA COLORADA',521),
(52200,'CASCO URBANO',522),
(52201,'EL BARILLO',522),
(52202,'GUADALUPE',522),
(52203,'SAN FRANCISCO',522),
(52204,'SAN SEBASTIAN',522),
(60100,'CASCO URBANO',601),
(60101,'LA FLORIDA',601),
(60102,'LAS TUNAS',601),
(60103,'LOS MANGOS',601),
(60104,'PIÑALITOS',601),
(60105,'PISHISHAPA',601),
(60200,'CASCO URBANO',602),
(60201,'GUADALUPE',602),
(60202,'EL ANGEL',602),
(60203,'JOYA GALANA',602),
(60204,'JOYA GRANDE',602),
(60205,'LAS DELICIAS',602),
(60206,'SAN NICOLAS',602),
(60207,'SUCHINANGO',602),
(60208,'TRES CEIBAS',602),
(60300,'CASCO URBANO',603),
(60301,'EL ZAPOTE',603),
(60302,'LOS LLANITOS',603),
(60400,'CASCO URBANO',604),
(60402,'SAN LUIS MARIONA',604),
(60500,'CASCO URBANO',605),
(60501,'EL JICARON',605),
(60502,'EL MATAZANO',605),
(60503,'EL TRONADOR',605),
(60504,'LA CABAÑA',605),
(60505,'SAN ANTONIO GRANDE',605),
(60506,'SAN DIEGO',605),
(60507,'SAN RAFAEL',605),
(60508,'POTRERO GRANDE',605),
(60509,'LAS DELICIAS',605),
(60510,'LAS VENTANAS',605),
(60511,'SAN FRANCISCO LOS DOS CERROS',605),
(60512,'NATIVIDAD',605),
(60600,'CASCO URBANO',606),
(60601,'CALLE NUEVA',606),
(60602,'LOMA DE RAMOS',606),
(60603,'NANCE VERDE',606),
(60604,'SAN CRISTOBAL',606),
(60605,'SAN JERONIMO',606),
(60606,'SAN LUCAS',606),
(60607,'SANTA BARBARA',606),
(60608,'EL ZACAMIL',606),
(60700,'CASCO URBANO',607),
(60701,'CHANGALLO',607),
(60702,'DOLORES APULO',607),
(60703,'SAN BARTOLO',607),
(60800,'CASCO URBANO',608),
(60801,'CHANCALA',608),
(60802,'SAN MIGUEL',608),
(60803,'SAN ROQUE',608),
(60900,'CASCO URBANO',609),
(60901,'ALDEA MERCEDES',609),
(60902,'EL BONETE',609),
(60903,'CAMOTEPEQUE',609),
(60904,'CONACASTE',609),
(60905,'EL SALITRE',609),
(60906,'GALERA QUEMADA',609),
(60907,'SAN JERONIMO LOS PLANES',609),
(60908,'TUTULTEPEQUE',609),
(61000,'CASCO URBANO',610),
(61001,'AMAYON',610),
(61002,'AZACUALPA',610),
(61003,'EL CEDRO',610),
(61004,'EL DIVISADERO',610),
(61005,'EL GUAYABO',610),
(61006,'LOMA Y MEDIA',610),
(61007,'LOS PAJALES',610),
(61008,'LOS PALONES',610),
(61009,'LOS TRONCONES',610),
(61010,'PANCHIMALQUITO',610),
(61011,'PLANES DE RENDEROS',610),
(61012,'QUEZALAPA',610),
(61013,'SAN ISIDRO',610),
(61014,'LAS CRUCITAS',610),
(61100,'CASCO URBANO',611),
(61101,'CERCO DE PIEDRA',611),
(61102,'EL CARRIZAL',611),
(61103,'EL JUTILLO',611),
(61104,'LAS BARROSAS',611),
(61105,'PALO GRANDE',611),
(61106,'PLAN DEL MANGO',611),
(61107,'SAN RAMON',611),
(61200,'CASCO URBANO',612),
(61201,'AGUACATITAN',612),
(61202,'CASA DE PIEDRA',612),
(61203,'EL PEPETO',612),
(61204,'GUADALUPE EL MANGO',612),
(61300,'CASCO URBANO',613),
(61301,'EL ROSARIO',613),
(61302,'EL SAUCE',613),
(61303,'LA FLOR',613),
(61304,'LA PALMA',613),
(61305,'LAS ANIMAS',613),
(61306,'LAS DELICIAS',613),
(61307,'SAN JOSE PRIMERO',613),
(61308,'SAN JOSE SEGUNDO',613),
(61400,'CASCO URBANO',614),
(61500,'CASCO URBANO',615),
(61501,'ASINO',615),
(61502,'EL MORRO',615),
(61503,'JOYA GRANDE',615),
(61504,'LA CUCHILLA',615),
(61505,'SHALTIPA',615),
(61600,'CASCO URBANO',616),
(61601,'CAÑA BRAVA',616),
(61602,'CUAPA',616),
(61603,'CHALTEPE',616),
(61604,'EL CARMEN',616),
(61605,'EL CIPRES',616),
(61606,'EL GUAJE',616),
(61607,'EL PORVENIR',616),
(61608,'LAS CASITAS',616),
(61609,'POTRERILLOS',616),
(61700,'CASCO URBANO',617),
(61800,'CASCO URBANO',618),
(61801,'EL ROSARIO',618),
(61802,'EL SAUCE',618),
(61803,'EL TRANSITO',618),
(61804,'LA FUENTE',618),
(61805,'LA UNION',618),
(61806,'LAS FLORES',618),
(61807,'MALACOF',618),
(61808,'VERACRUZ',618),
(61900,'CASCO URBANO',619),
(61901,'CALLE REAL',619),
(61902,'EL ARENAL',619),
(61903,'EL CALLEJON',619),
(61904,'LA CABAÑA',619),
(61906,'PLAN DEL PINO',619),
(61907,'SAN JOSE CORTEZ',619),
(61908,'SAN LAUREANO',619),
(70100,'CASCO URBANO',701),
(70101,'CONCEPCION',701),
(70102,'EL ROSARIO',701),
(70103,'SAN JUAN MIRAFLORES ARRIBA',701),
(70104,'SAN ANTONIO',701),
(70105,'SAN JOSE LA CEIBA',701),
(70106,'SAN JUAN MIRAFLORES ABAJO',701),
(70108,'SAN RAFAEL LA LOMA',701),
(70110,'NANCE VERDE',701),
(70200,'CASCO URBANO',702),
(70201,'CUJUAPA',702),
(70202,'EL CARRIZAL',702),
(70203,'JIÑUCO',702),
(70204,'LA PALMA',702),
(70205,'LOS NARANJOS',702),
(70206,'OJOS DE AGUA',702),
(70300,'CASCO URBANO',703),
(70301,'CANDELARIA',703),
(70302,'CONCEPCION',703),
(70303,'EL CARMEN',703),
(70304,'LA PAZ',703),
(70305,'SAN ANTONIO',703),
(70306,'SAN SEBASTIAN',703),
(70307,'SANTA LUCIA',703),
(70400,'CASCO URBANO',704),
(70401,'EL AMATILLO',704),
(70402,'EL CALVARIO',704),
(70403,'SAN MARTIN',704),
(70404,'VERACRUZ',704),
(70500,'CASCO URBANO',705),
(70501,'CANDELARIA',705),
(70502,'CONCEPCION',705),
(70503,'EL CARMEN',705),
(70504,'EL ROSARIO',705),
(70505,'SAN ANDRES',705),
(70506,'SAN ANTONIO',705),
(70507,'SAN JOSE',705),
(70508,'SAN MARTIN',705),
(70509,'SAN NICOLAS',705),
(70510,'LA SOLEDAD',705),
(70600,'CASCO URBANO',706),
(70601,'TACANAGUA',706),
(70602,'PALACIOS',706),
(70700,'CASCO URBANO',707),
(70701,'EL TRIUNFO',707),
(70702,'LAS LOMAS',707),
(70800,'CASCO URBANO',708),
(70801,'LA VIRGEN',708),
(70802,'SAN ANTONIO',708),
(70803,'SAN FRANCISCO',708),
(70804,'SAN JOSE',708),
(70805,'SANTA ANITA',708),
(70806,'SANTA CRUZ',708),
(70900,'CASCO URBANO',709),
(70901,'ANIMAS',709),
(70902,'EL SALITRE',709),
(70903,'LA CRUZ',709),
(70904,'LLANO GRANDE',709),
(70905,'LOS MELENDEZ',709),
(70906,'PALACIOS',709),
(70907,'PIEDRA LABRADA',709),
(70908,'RAMIREZ',709),
(70909,'LOS RODRIGUEZ',709),
(71000,'CASCO URBANO',710),
(71001,'BUENA VISTA',710),
(71002,'BUENOS AIRES',710),
(71003,'EL CARMEN',710),
(71004,'EL ESPINO',710),
(71005,'EL LIMON',710),
(71006,'EL PARAISO',710),
(71007,'EL RODEO',710),
(71008,'HUISILTEPEQUE',710),
(71009,'ISTAGUA',710),
(71010,'LA CRUZ',710),
(71011,'LA ESPERANZA',710),
(71012,'LA LOMA',710),
(71013,'MIRAFLORES',710),
(71014,'SAN AGUSTIN',710),
(71015,'SAN FRANCISCO',710),
(71016,'TECOMATEPEQUE',710),
(71017,'TECOLUCO',710),
(71100,'CASCO URBANO',711),
(71101,'CERRO COLORADO',711),
(71102,'EL COPINOL',711),
(71103,'EL ESPINAL',711),
(71104,'JIBOA',711),
(71105,'PALACIOS',711),
(71106,'LA SOLEDAD',711),
(71200,'CASCO URBANO',712),
(71201,'SAN AGUSTIN',712),
(71202,'SAN PABLO',712),
(71203,'SAN PEDRO',712),
(71204,'SANTA ISABEL',712),
(71300,'CASCO URBANO',713),
(71301,'BARRIO ABAJO',713),
(71400,'CASCO URBANO',714),
(71401,'LAS ANIMAS',714),
(71402,'BUENA VISTA',714),
(71403,'EL CENTRO',714),
(71404,'DELICIAS',714),
(71405,'ROSALES',714),
(71406,'MICHAPA',714),
(71500,'CASCO URBANO',715),
(71501,'AGUACAYO',715),
(71502,'BUENA VISTA',715),
(71503,'EL CAULOTE',715),
(71504,'COLIMA',715),
(71505,'CONSOLACION',715),
(71506,'COPAPAYO',715),
(71507,'COROZAL',715),
(71508,'LAS DELICIAS',715),
(71509,'PLATANAR',715),
(71510,'EL ROBLE',715),
(71513,'ESTANZUELAS',715),
(71514,'GUADALUPE',715),
(71515,'HACIENDITA',715),
(71516,'ICHANQUEZO',715),
(71517,'LA BERMUDA',715),
(71519,'EL MOLINO',715),
(71520,'MONTEPEQUE',715),
(71521,'MILINGO',715),
(71522,'MIRANDILLA',715),
(71523,'PALACIOS',715),
(71524,'PALO GRANDE',715),
(71525,'PEPESHTENANGO',715),
(71526,'SAN CRISTOBAL',715),
(71528,'SAN LUCAS',715),
(71529,'TENANGO',715),
(71530,'EL ZAPOTE',715),
(71600,'CASCO URBANO',716),
(71601,'AJULUCO',716),
(71602,'CORRAL VIEJO',716),
(71603,'COPALCHAN',716),
(71604,'EL PEPETO',716),
(71605,'HUISILTEPEQUE',716),
(71606,'JIÑUCO',716),
(71608,'ROSARIO PERICO',716),
(71609,'ROSARIO TABLON',716),
(71610,'SANTA ANITA',716),
(80100,'CASCO URBANO',801),
(80101,'SAN ANTONIO',801),
(80102,'SAN ISIDRO',801),
(80200,'CASCO URBANO',802),
(80201,'AMATEPEC',802),
(80202,'EL CERRO',802),
(80203,'EL PEDREGAL',802),
(80204,'TILAPA',802),
(80300,'CASCO URBANO',803),
(80301,'EL CONACASTE',803),
(80302,'EL ESPINO',803),
(80303,'LOS ROMERO',803),
(80304,'VERACRUZ',803),
(80400,'CASCO URBANO',804),
(80401,'SAN ANTONIO',804),
(80402,'SAN LUIS',804),
(80500,'CASCO URBANO',805),
(80501,'CUPINCO',805),
(80502,'GUACHIPILINES',805),
(80503,'JAYUCA',805),
(80504,'EL CHILAMATE',805),
(80505,'JOYA DE GIRON',805),
(80506,'LA ESPERANZA',805),
(80507,'PLANES DE LAS DELICIAS',805),
(80508,'SAN ANTONIO GIRON',805),
(80509,'SAN JOSE BUENA VISTA',805),
(80510,'SAN SEBASTIAN',805),
(80511,'SANTA LUCIA LA BARRANCA',805),
(80512,'SANTA FE',805),
(80513,'SANTO TOMAS',805),
(80600,'CASCO URBANO',806),
(80601,'EL COPINOL',806),
(80602,'LOS ZACATALES',806),
(80700,'CASCO URBANO',807),
(80701,'EL SOCORRO',807),
(80702,'SAN ANTONIO LA LOMA',807),
(80703,'SAN JOSE LA INSTANCIA',807),
(80704,'BELEN',807),
(80705,'SAN JOSE LOS SOLARES',807),
(80800,'CASCO URBANO',808),
(80801,'SAN JOSE COSTA RICA',808),
(80802,'CONCEPCION LOURDES',808),
(80900,'CASCO URBANO',809),
(80901,'CANDELARIA',809),
(80902,'CONCEPCION LOS PLANES',809),
(80903,'SAN ANTONIO PACHIMILAMA',809),
(80904,'SAN JOSE LA MONTAÑA',809),
(80905,'SANTA CRUZ LA VEGA',809),
(81000,'CASCO URBANO',810),
(81001,'EL CHILE',810),
(81002,'EL GOLFO',810),
(81003,'EL PAJAL',810),
(81004,'EL SALTO',810),
(81005,'LA LAGUNETA',810),
(81006,'LAS PIEDRONAS',810),
(81007,'LAS DELICIAS',810),
(81008,'LA LONGANIZA',810),
(81009,'LOS ZACATILLOS',810),
(81010,'TEHUISTE ABAJO',810),
(81011,'TEHUISTE ARRIBA',810),
(81012,'TIERRA COLORADA',810),
(81100,'CASCO URBANO',811),
(81101,'COMALAPA',811),
(81102,'TOBALON',811),
(81103,'VERACRUZ',811),
(81200,'CASCO URBANO',812),
(81201,'LA CRUZ',812),
(81202,'LA ESPERANZA',812),
(81203,'LOS LAURELES',812),
(81300,'CASCO URBANO',813),
(81301,'AMATECAMPO',813),
(81302,'CUCHILLA DE COMALAPA',813),
(81303,'EL PORVENIR',813),
(81304,'NUEVO EDEN',813),
(81305,'EL PIMENTAL',813),
(81306,'SAN FRANCISCO AMATEPEC',813),
(81307,'TECUALUYA',813),
(81308,'ZAMBOMBERA',813),
(81400,'CASCO URBANO',814),
(81401,'SAN BARTOLO',814),
(81402,'SOLEDAD LAS FLORES',814),
(81500,'CASCO URBANO',815),
(81501,'BUENA VISTA',815),
(81502,'BARAHONA',815),
(81503,'EL SICAHUITE',815),
(81504,'DULCE NOMBRE',815),
(81505,'EL ANGEL',815),
(81506,'EL ACHIOTAL',815),
(81507,'EL CARMEN',815),
(81508,'SANTA LUCIA EL PAREDON',815),
(81509,'EL PIMIENTAL',815),
(81510,'EL PORVENIR',815),
(81511,'LAS DELICIAS',815),
(81512,'LAS FLORES',815),
(81513,'LAS HOJAS',815),
(81514,'LAS ISLETAS',815),
(81515,'MARCELINO',815),
(81516,'SANTA MARIA LA SABANA',815),
(81517,'SAN JOSE LUNA',815),
(81600,'CASCO URBANO',816),
(81601,'EL LAZARETO',816),
(81602,'EL ROBLE',816),
(81603,'HACIENDA VIEJA',816),
(81604,'LA CARBONERA',816),
(81605,'LA COMUNIDAD',816),
(81606,'NAHUISTEPEQUE',816),
(81607,'SAN RAMON',816),
(81700,'CASCO URBANO',817),
(81701,'EL CARAO',817),
(81702,'LA LONGANIZA',817),
(81703,'LA PALMA',817),
(81704,'SAN JERONIMO',817),
(81705,'SAN JOSE OBRAJUELO',817),
(81706,'SAN PEDRO MARTIR',817),
(81707,'SAN MIGUEL OBRAJUELO',817),
(81800,'CASCO URBANO',818),
(81801,'CONCEPCION',818),
(81802,'EL CHAPERNO',818),
(81803,'EL TRANSITO',818),
(81804,'LOMA LARGA',818),
(81805,'SAN ANTONIO',818),
(81806,'SAN ISIDRO',818),
(81807,'SAN JOSE CARRIZAL',818),
(81900,'CASCO URBANO',819),
(81901,'AMULUNCO',819),
(81902,'CONCEPCION JALPONGA',819),
(81903,'CHANCUYO',819),
(81904,'EL SAUCE',819),
(81905,'SAN LUIS JALPONGUITA',819),
(81906,'LA CRUZ DEL MOJON',819),
(81907,'LAS ANIMAS',819),
(81908,'LAS GUARUMAS',819),
(81909,'SAN ANTONIO ABAJO',819),
(81910,'SAN ANTONIO ARRIBA',819),
(81911,'SAN FRANCISCO EL PORFIADO',819),
(81912,'SAN FRANCISCO LA HACIENDA',819),
(81913,'SAN ANTONIO',819),
(81915,'SAN JOSE LOMA',819),
(81916,'SAN JOSE OBRAJITO',819),
(81917,'SAN SEBASTIAN ABAJO',819),
(81918,'SAN SEBASTIAN ARRIBA',819),
(81919,'SANTA CRUZ LA LOMA',819),
(81920,'SANTA RITA ALMENDRO',819),
(81921,'SANTA TERRESA',819),
(81922,'SANTA CRUZ CHACASTAL',819),
(82000,'CASCO URBANO',820),
(82001,'LA BASA',820),
(82002,'LAS LAJAS',820),
(82003,'SAN PEDRO LA PALMA',820),
(82100,'CASCO URBANO',821),
(82101,'AGUAZARCA',821),
(82102,'AMAYO',821),
(82103,'ANIMAS ABAJO',821),
(82104,'ANIMAS ARRIBA',821),
(82105,'AZACUALPA',821),
(82106,'BUENA VISTA ABAJO',821),
(82107,'BUENA VISTA ARRIBA',821),
(82108,'BUENA VISTA ARRINCONADO',821),
(82109,'EL AMATE',821),
(82110,'EL CALLEJON',821),
(82111,'EL CARMEN',821),
(82112,'EL COPINOL',821),
(82113,'EL DESPOBLADO',821),
(82114,'EL ESPINO ABAJO',821),
(82115,'EL ESPINO ARRIBA',821),
(82116,'EL MENEADERO',821),
(82117,'EL SOCORRO',821),
(82118,'EL ZAPOTE',821),
(82119,'HATO DE LOS REYES',821),
(82120,'JOSECITO',821),
(82121,'LA JOYA',821),
(82122,'LA LUCHA',821),
(82123,'LAS ISLETAS',821),
(82124,'LAS TABLAS',821),
(82125,'LIEVANO',821),
(82126,'PENITENTE ABAJO',821),
(82127,'PENITENTE ARRIBA',821),
(82128,'PIEDRA GRANDE ABAJO',821),
(82129,'PIEDRA GRANDE ARRIBA',821),
(82130,'PINEDA',821),
(82131,'PLATANARES',821),
(82132,'SAN FRANCISCO LOS REYES',821),
(82133,'SAN JOSE LA MONTAÑA',821),
(82134,'SAN LUCAS',821),
(82135,'SAN MARCOS LA CRUZ',821),
(82136,'SAN RAFAEL',821),
(82137,'SAN SEBASTIAN LA ZORRA',821),
(82138,'SANTA LUCIA',821),
(82139,'TEPECHAME',821),
(82140,'TIERRA BLANCA',821),
(82141,'ULAPA',821),
(82200,'CASCO URBANO',822),
(82201,'CORDONCILLO',822),
(82202,'EL ESCOBAL',822),
(82203,'EL LLANO',822),
(82204,'EL ZAPOTE',822),
(82205,'GUADALUPE LA ZORRA',822),
(82206,'LA ANONA',822),
(82207,'LA CALZADA',822),
(82208,'SAN ANTONIO LOS BLANCOS',822),
(82209,'SAN SEBASTIAN EL CHINGO',822),
(82210,'SAN RAFAEL TASAJERA',822),
(90100,'CASCO URBANO',901),
(90101,'EL CACAO',901),
(90102,'GUILIGUISTE',901),
(90103,'DULCE NOMBRE O LA ESCOPETA',901),
(90104,'SAN ANTONIO',901),
(90105,'SAN BENITO',901),
(90106,'SAN JOSE EL TULE',901),
(90107,'SAN NICOLAS',901),
(90108,'VALLE NUEVO',901),
(90200,'CASCO URBANO',902),
(90201,'AGUA ZARCA',902),
(90202,'EL BAÑADERO',902),
(90203,'TEMPISQUE',902),
(90300,'CASCO URBANO',903),
(90301,'AGUA ZARCA',903),
(90302,'AZACUALPA',903),
(90303,'SAN JOSE CALERA',903),
(90304,'CERRO COLORADO',903),
(90305,'EL MESTIZO',903),
(90306,'EL POTRERO',903),
(90307,'LA LABOR',903),
(90308,'LAS HUERTAS',903),
(90309,'LOS HOYOS',903),
(90310,'LOS LLANITOS',903),
(90311,'MAQUILISHUAT',903),
(90312,'NANASTEPEQUE',903),
(90313,'ORATORIO',903),
(90314,'SAN FRANCISCO DEL MONTE',903),
(90315,'SAN FRANCISCO IRAHETA',903),
(90316,'SAN JOSE EL MESTIZO',903),
(90317,'SANTA CRUZ',903),
(90318,'SITIO VIEJO',903),
(90400,'CASCO URBANO',904),
(90401,'EL PLATANAR',904),
(90402,'SAN SEBASTIAN',904),
(90403,'CALERAS',904),
(90404,'SANTA BARBARA',904),
(90405,'LLANO LARGO',904),
(90406,'PALACIOS',904),
(90407,'CAROLINA',904),
(90500,'CASCO URBANO',905),
(90501,'IZCATAL',905),
(90502,'EL AMATE',905),
(90503,'POTRERO DE BATRES',905),
(90504,'LLANO DE LA HACIENDA',905),
(90505,'LOS JOBOS',905),
(90506,'SAN FRANCISCO',905),
(90507,'POTRERO Y TABLA',905),
(90600,'CASCO URBANO',906),
(90601,'COPINOLAPA',906),
(90602,'CUNCHIQUE',906),
(90603,'CUYANTEPEQUE',906),
(90604,'EL CHUNTE',906),
(90605,'EL AGUACATE',906),
(90606,'EL VOLCAN',906),
(90608,'LAS MARIAS',906),
(90609,'LA TRINIDAD',906),
(90610,'LOS LLANITOS',906),
(90611,'LLANO GRANDE',906),
(90612,'PIE DE LA CUESTA',906),
(90613,'RIO GRANDE',906),
(90614,'ROJAS',906),
(90615,'SAN GREGORIO',906),
(90616,'SAN LORENSO',906),
(90617,'SAN MARCOS',906),
(90618,'SAN MATIAS',906),
(90619,'SAN NICOLAS',906),
(90620,'SANTA ROSA LA MARAÑA',906),
(90621,'TEMPISQUE',906),
(90622,'NOMBRE DE DIOS',906),
(90623,'TRONALAGUA',906),
(90700,'CASCO URBANO',907),
(90701,'SAN FRANCISCO ECHEVERRIA',907),
(90702,'EL ZAPOTE',907),
(90703,'SANTA RITA',907),
(90704,'SANTA OLAYA',907),
(90705,'CONCEPCION',907),
(90706,'SAN ANTONIO BUENAVISTA',907),
(90800,'CASCO URBANO',908),
(90801,'AZACUALPA',908),
(90802,'EL CARACOL',908),
(90803,'EL ZAPOTE',908),
(90804,'LA BERMUDA',908),
(90805,'LA UVILLA',908),
(90806,'PARATAO',908),
(90808,'PEÑA BLANCA',908),
(90809,'ROJITAS',908),
(90810,'SAN ANTONIO',908),
(90811,'SAN PEDRO',908),
(90812,'SANTA MARTA',908),
(90900,'CASCO URBANO',909),
(90901,'CAÑAFISTULA',909),
(90902,'CURAREN',909),
(90903,'CHAPELCORO',909),
(90904,'EL RINCON',909),
(90905,'NIQUERESQUE',909),
(90906,'SAN CARLOS',909),
(100100,'CASCO URBANO',1001),
(100101,'CALDERAS',1001),
(100102,'CUTUMAYO',1001),
(100103,'EL GUAYABO',1001),
(100104,'LAS MINAS',1001),
(100105,'SAN FELIPE',1001),
(100106,'SAN JACINTO',1001),
(100107,'SAN JOSE LOS ALMENDROS',1001),
(100108,'SAN JUAN DE MERINO',1001),
(100109,'SAN NICOLAS',1001),
(100110,'SAN PEDRO',1001),
(100200,'CASCO URBANO',1002),
(100201,'JOYA DE MUNGUIA',1002),
(100202,'SAN ANTONIO LOS RANCHOS',1002),
(100203,'SAN BENITO PIEDRAS GORDAS',1002),
(100204,'SAN EMIGDIO EL TABLON',1002),
(100205,'SAN FRANCISCO AGUA AGRIA',1002),
(100206,'SAN JOSE CARBONERA',1002),
(100300,'CASCO URBANO',1003),
(100301,'CANDELARIA',1003),
(100302,'CERRO GRANDE',1003),
(100400,'CASCO URBANO',1004),
(100401,'AGUA HELADA',1004),
(100402,'EL ROSARIO',1004),
(100403,'EL TORTUGUERO',1004),
(100404,'SAN JERONIMO',1004),
(100405,'SAN JUAN DE MERINO',1004),
(100406,'SANTA ROSA',1004),
(100500,'CASCO URBANO',1005),
(100501,'EL REFUGIO',1005),
(100502,'IZCANALES',1005),
(100503,'LOS RODRIGUEZ',1005),
(100504,'LOS TALPETATES',1005),
(100600,'CASCO URBANO',1006),
(100601,'AMATITAN ABAJO',1006),
(100602,'AMATITAN ARRIBA',1006),
(100603,'CERRO DE SAN PEDRO',1006),
(100604,'SAN ESTEBAN',1006),
(100605,'SAN ILDEFONSO',1006),
(100606,'SAN JACINTO LA BURRERA',1006),
(100607,'SANTA CATARINA',1006),
(100700,'CASCO URBANO',1007),
(100701,'CANDELARIA LEMPA',1007),
(100702,'GUACHIPILIN',1007),
(100703,'LAJAS Y CANOAS',1007),
(100704,'SAN FRANCISCO',1007),
(100705,'SAN LORENZO',1007),
(100706,'SAN PABLO CAÑALES',1007),
(100800,'CASCO URBANO',1008),
(100801,'SAN FRANCISCO',1008),
(100802,'LA CRUZ',1008),
(100803,'LAS ANIMAS',1008),
(100804,'SANTA LUCIA',1008),
(100900,'CASCO URBANO',1009),
(100901,'EL PARAISO',1009),
(100902,'EL PORVENIR AGUACAYO',1009),
(100903,'LA ESPERANZA',1009),
(100904,'LAS ROSAS',1009),
(100905,'LOS LAURELES',1009),
(100906,'SAN FRANCISCO',1009),
(100907,'SAN JOSE LA LABOR',1009),
(100908,'SANTA ELENA',1009),
(100909,'SANTA TERESA',1009),
(101000,'CASCO URBANO',1010),
(101001,'ANTON FLORES',1010),
(101002,'SAN FRANCISCO CHAMOCO',1010),
(101003,'CHUCUYO',1010),
(101004,'DOS QUEBRADAS',1010),
(101005,'EL CARACOL',1010),
(101006,'EL MARQUEZADO',1010),
(101007,'EL OBRAJUELO LEMPA',1010),
(101008,'EL REBELDE',1010),
(101009,'LA JOYA',1010),
(101010,'LA SOLEDAD',1010),
(101011,'LEON DE PIEDRA',1010),
(101012,'LOS LAURELES',1010),
(101013,'LOS POZOS',1010),
(101014,'LLANOS DE ACHICHILCO',1010),
(101015,'PARRAS LEMPA',1010),
(101016,'SAN ANTONIO ACHICHILQUITO',1010),
(101017,'SAN ANTONIO CAMINOS',1010),
(101018,'SAN ANTONIO TRAS EL CERRO',1010),
(101019,'SAN BARTOLO ICHANMICO',1010),
(101020,'SAN DIEGO',1010),
(101021,'SAN JACINTO',1010),
(101022,'SAN JOSE RIO FRIO',1010),
(101023,'SAN JUAN BUENA VISTA',1010),
(101024,'SAN RAFAEL SAN DIEGO',1010),
(101025,'SANTA GERTRUDIS',1010),
(101026,'VOLCAN OPICO',1010),
(101100,'CASCO URBANO',1011),
(101101,'BARRIO NUEVO',1011),
(101102,'EL ARCO',1011),
(101103,'EL CAMPANARIO',1011),
(101104,'EL CARAO',1011),
(101105,'EL COYOLITO',1011),
(101106,'EL PACUN',1011),
(101107,'EL PALOMAR',1011),
(101108,'EL PERICAL',1011),
(101109,'EL PUENTE',1011),
(101110,'EL SOCORRO',1011),
(101111,'LA ESPERANZA',1011),
(101112,'LAS ANONAS',1011),
(101113,'SAN CARLOS',1011),
(101114,'SAN FERNANDO',1011),
(101115,'SAN FRANCISCO ANGULO',1011),
(101116,'SAN JOSE LLANO GRANDE',1011),
(101117,'SAN NICOLAS LEMPA',1011),
(101118,'SAN RAMON GRIFAL',1011),
(101119,'SANTA BARBARA',1011),
(101120,'EL PORRILLO',1011),
(101121,'LAS MESAS',1011),
(101122,'SAN ANDRES LOS ACHIOTES',1011),
(101123,'SAN BENITO',1011),
(101124,'SANTA CRUZ',1011),
(101200,'CASCO URBANO',1012),
(101201,'CONCEPCION DE CAÑAS',1012),
(101202,'LA VIRGEN',1012),
(101203,'LOMA ALTA',1012),
(101300,'CASCO URBANO',1013),
(101301,'EL CARMEN',1013),
(101302,'MOLINEROS',1013),
(101303,'SAN ANTONIO JIBOA',1013),
(101304,'SAN ISIDRO',1013),
(101305,'SAN JERONIMO LIMON',1013),
(101306,'SAN JOSE BORJA',1013),
(101307,'SAN JUAN BUENAVISTA',1013),
(101308,'SAN PEDRO AGUA CALIENTE',1013),
(110100,'CASCO URBANO',1101),
(110101,'APASTEPEQUE',1101),
(110102,'EL QUEBRACHO',1101),
(110103,'ZAPOTILLO',1101),
(110104,'YOMO',1101),
(110105,'LA PEÑA',1101),
(110106,'SAN JUAN',1101),
(110107,'LAS CASITAS',1101),
(110108,'SAN JOSE LA MONTAÑITA',1101),
(110200,'CASCO URBANO',1102),
(110201,'COLON',1102),
(110202,'CONCEPCION',1102),
(110203,'EL COROZAL',1102),
(110204,'EL TABLON',1102),
(110205,'LAS DELICIAS',1102),
(110206,'LAS PILETAS',1102),
(110207,'TALPETATES',1102),
(110208,'SAN FELIPE',1102),
(110209,'SAN FRANCISCO',1102),
(110210,'SAN ISIDRO',1102),
(110211,'SAN JOSE',1102),
(110212,'SAN JUAN LOMA ALTA',1102),
(110213,'SAN LORENZO',1102),
(110214,'SANTA CRUZ',1102),
(110215,'VIRGINIA',1102),
(110216,'LA UNION',1102),
(110300,'CASCO URBANO',1103),
(110301,'EL POZON',1103),
(110400,'CASCO URBANO',1104),
(110401,'EL CAÑAL',1104),
(110402,'EL PARAISAL',1104),
(110403,'EL PORVENIR',1104),
(110404,'HACIENDA NUEVA',1104),
(110405,'LA ANCHILA',1104),
(110406,'LA DANTA',1104),
(110407,'SAN FELIPE',1104),
(110408,'SAN ILDEFONSO',1104),
(110409,'SAN ANTONIO',1104),
(110500,'CASCO URBANO',1105),
(110501,'EL PALON',1105),
(110502,'EL JICARITO',1105),
(110503,'SAN ANTONIO',1105),
(110505,'LAS PALMERAS',1105),
(110600,'CASCO URBANO',1106),
(110601,'ANALCO',1106),
(110602,'LA CEIBA',1106),
(110603,'LOS ENCUENTROS',1106),
(110604,'MACULIS',1106),
(110605,'PIEDRA ANCHA',1106),
(110700,'CASCO URBANO',1107),
(110701,'CONDADILLO',1107),
(110702,'EL CARAGUAL',1107),
(110703,'EL OJUSHTE',1107),
(110704,'EL TECOMATAL',1107),
(110705,'EL ESCARBADERO',1107),
(110706,'LA CRUZ',1107),
(110707,'POTRERO DE JOBO',1107),
(110708,'SAN PEDRO',1107),
(110709,'SITIO DE SAN ANTONIO',1107),
(110800,'CASCO URBANO',1108),
(110801,'BOLIVAR',1108),
(110802,'CABOS NEGROS',1108),
(110803,'CALIFORNIA',1108),
(110804,'EL CARMEN',1108),
(110805,'CEIBA GACHA',1108),
(110806,'LAS DELICIAS',1108),
(110807,'EL CARRIZAL',1108),
(110808,'EL CASTAÑO',1108),
(110809,'EL COYOLITO',1108),
(110810,'EL PARAISO',1108),
(110811,'HULE CHACHO',1108),
(110812,'ISLA DE MENDEZ',1108),
(110813,'LA CANOA',1108),
(110814,'LA CONCORDIA',1108),
(110815,'CRUZADILLA DE SAN JUAN',1108),
(110816,'LA MONTAÑA',1108),
(110817,'LA NORIA',1108),
(110818,'LAS FLORES',1108),
(110819,'LA TIRANA',1108),
(110820,'LOS CAMPOS',1108),
(110821,'LAS MESITAS',1108),
(110822,'LOS LIMONES',1108),
(110823,'LOS TRES CHORROS',1108),
(110824,'NUEVA CALIFORNIA',1108),
(110825,'PUERTO AVALOS',1108),
(110826,'EL ROQUINTE',1108),
(110827,'SALINAS EL POTRERO',1108),
(110828,'SALINAS DE SISIGUAYO',1108),
(110829,'ZAMORANO',1108),
(110830,'SAN ANTONIO POTRERILLOS',1108),
(110831,'SAN JOSE O LA CARRERA',1108),
(110832,'SAN JUAN DEL GOZO',1108),
(110833,'SAN JUDAS',1108),
(110834,'SAN MARCOS LEMPA',1108),
(110835,'SAN PEDRO',1108),
(110836,'TABURETE LOS CLAROS',1108),
(110837,'TABURETE JAGUAL',1108),
(110838,'TIERRA BLANCA O NUEVA ESPERANZA',1108),
(110839,'EL MARILLO',1108),
(110840,'SAN JUAN DE LETRAN',1108),
(110841,'AGUACAYO',1108),
(110900,'CASCO URBANO',1109),
(110901,'EL AMATON',1109),
(110902,'EL CHAGUITE',1109),
(110903,'EL NISPERO',1109),
(110904,'LLANO EL CHILAMATE',1109),
(110905,'LLANO GRANDE DE LAS PIEDRAS',1109),
(110906,'PLAN GRANDE',1109),
(110907,'LOMA DE LA CRUZ',1109),
(110908,'TAPESQUILLO BAJO',1109),
(110909,'TAPESQUILLO ALTO',1109),
(111000,'CASCO URBANO',1110),
(111001,'EL JICARO',1110),
(111002,'EL JUTAL',1110),
(111003,'EL LLANO',1110),
(111004,'EL PROGRESO',1110),
(111005,'EL ZAPOTE',1110),
(111006,'LA CRUZ',1110),
(111007,'SAMURIA',1110),
(111100,'CASCO URBANO',1111),
(111101,'EL CAULOTE',1111),
(111102,'EL JICARO',1111),
(111103,'EL JOCOTILLO',1111),
(111104,'TALNETES',1111),
(111105,'LA PUERTA',1111),
(111106,'LOS HORCONES',1111),
(111107,'LA MONTAÑITA',1111),
(111108,'SAN BENITO',1111),
(111109,'SANTA ANITA',1111),
(111200,'CASCO URBANO',1112),
(111201,'AZACUALPIA DE GUALCHO',1112),
(111202,'AZAZCUALPIA DE JOCO',1112),
(111203,'EL AMATILLO',1112),
(111204,'JOCOMONTIQUE',1112),
(111205,'LA ISLETA',1112),
(111206,'LAS LLAVES',1112),
(111207,'LA PALOMILLA',1112),
(111208,'LE PAZ',1112),
(111209,'NUEVO CARRIZAL',1112),
(111210,'POTRERO DE JOCO',1112),
(111211,'SAN JOSE',1112),
(111300,'CASCO URBANO',1113),
(111301,'EL DELIRIO',1113),
(111302,'EL PALMITAL',1113),
(111303,'JOYA DEL PILAR',1113),
(111304,'LA BREÑA',1113),
(111305,'LA POZA',1113),
(111306,'LAS TRANCAS',1113),
(111400,'CASCO URBANO',1114),
(111401,'CORRAL DE MULAS',1114),
(111402,'EL ESPIRITU SANTO',1114),
(111403,'EL SITIO SANTA LUCIA',1114),
(111404,'MADRESAL',1114),
(111500,'CASCO URBANO',1115),
(111501,'LOS ARROZALES',1115),
(111503,'EL CEDRO',1115),
(111506,'EL COROZO',1115),
(111507,'EL JICARO',1115),
(111508,'EL JOCOTE',1115),
(111509,'GALINGAGUA',1115),
(111510,'JOBAL ARROZALES',1115),
(111511,'LA CEIBA',1115),
(111512,'LA MORA',1115),
(111513,'LA QUESERA',1115),
(111514,'LINARES CAULOTAL',1115),
(111515,'BUENOS AIRES',1115),
(111516,'LOS PLANES',1115),
(111517,'NOMBRE DE DIOS',1115),
(111518,'LAS TRES CALLES',1115),
(111519,'EUCALIPTO',1115),
(111600,'CASCO URBANO',1116),
(111601,'EL ACEITUNO',1116),
(111602,'EL SEMILLERO',1116),
(111603,'LA CARIDAD',1116),
(111604,'LA TRONCONADA',1116),
(111605,'LAS CHARCAS',1116),
(111606,'LOS ESPINOS',1116),
(111700,'CASCO URBANO',1117),
(111701,'MUNDO NUEVO',1117),
(111702,'IGLESIA VIEJA',1117),
(111703,'SAN FRANCISCO',1117),
(111800,'CASCO URBANO',1118),
(111801,'EL NANZAL',1118),
(111802,'EL NISPERAL',1118),
(111803,'EL REBALSE',1118),
(111804,'EL VOLCAN',1118),
(111805,'JOYA ANCHA ABAJO',1118),
(111806,'JOYA ANCHA ARRIBA',1118),
(111807,'LAS CRUCES',1118),
(111808,'EL AMATE',1118),
(111809,'PIEDRA DE AGUA',1118),
(111900,'CASCO URBANO',1119),
(111901,'EL PALMO',1119),
(111902,'EL TABLON',1119),
(111903,'EL ZUNGANO',1119),
(111904,'JOBAL HORNOS',1119),
(111905,'LA CRUZ',1119),
(111906,'LA PEÑA',1119),
(111907,'LOS HORCONES',1119),
(111908,'LOS HORNOS',1119),
(111909,'LOS RIOS',1119),
(112000,'CASCO URBANO',1120),
(112001,'MEJICAPA',1120),
(112002,'SAN FRANCISCO',1120),
(112100,'CASCO URBANO',1121),
(112102,'EL MARQUEZADO',1121),
(112103,'EL TIGRE',1121),
(112104,'LAS FLORES',1121),
(112105,'PLAYITAS',1121),
(112106,'LOMA LOS GONZALES',1121),
(112107,'LOS BATRES',1121),
(112200,'CASCO URBANO',1122),
(112201,'CERRO VERDE',1122),
(112202,'EL JICARO',1122),
(112203,'PASO DE GUALACHE',1122),
(112204,'LOS CHAPETONES',1122),
(112205,'LOS HORCONES',1122),
(112300,'CASCO URBANO',1123),
(112301,'EL CERRITO',1123),
(112302,'TALPETATE',1123),
(112304,'EL TRILLO',1123),
(112305,'EL OJUSHTE',1123),
(112306,'LAS SALINAS',1123),
(112307,'LA PRESA',1123),
(112308,'LA LAGUNA',1123),
(112309,'JOYA DEL TOMASITO',1123),
(112310,'LA PEÑA',1123),
(112311,'PALO GALAN',1123),
(112312,'CAPITAN LAZO',1123),
(112313,'LOS DESMONTES',1123),
(112314,'OBRAJUELO',1123),
(112315,'SANTA BARBARA',1123),
(112316,'OJO DE AGUA',1123),
(120100,'CASCO URBANO',1201),
(120101,'LA CEIBITA',1201),
(120102,'LA ORILLA',1201),
(120103,'MIRACAPA',1201),
(120104,'ROSAS NACASPILO',1201),
(120105,'SOLEDAD TERRERA',1201),
(120200,'CASCO URBANO',1202),
(120201,'BELEN',1202),
(120202,'GUANACASTE',1202),
(120203,'LLANO EL ANGEL',1202),
(120204,'NUEVO PORVENIR',1202),
(120205,'SAN CRISTOBAL',1202),
(120206,'SAN JUAN',1202),
(120207,'SAN LUISITO',1202),
(120208,'LA MONTAÑITA',1202),
(120209,'SAN MATIAS',1202),
(120210,'TEPONAHUASTE',1202),
(120211,'LAS TORRECILLAS',1202),
(120300,'CASCO URBANO',1203),
(120301,'EL HORMIGUERO',1203),
(120302,'EL COLORADO',1203),
(120303,'EL JICARAL',1203),
(120304,'CANDELARIA',1203),
(120305,'PLATANARILLO',1203),
(120400,'CASCO URBANO',1204),
(120401,'CERCAS DE PIEDRA',1204),
(120402,'GUALAMA',1204),
(120403,'LA TRINIDAD',1204),
(120404,'SAN JERONIMO',1204),
(120405,'SAN PEDRO',1204),
(120406,'LOS AMATES',1204),
(120500,'CASCO URBANO',1205),
(120501,'BOQUERON',1205),
(120502,'CONACASTAL',1205),
(120503,'COPINOL PRIMERO',1205),
(120504,'COPINOL SEGUNDO',1205),
(120505,'EL JOCOTE',1205),
(120506,'JOCOTE DULCE',1205),
(120507,'LA CRUZ PRIMERA',1205),
(120508,'LA CRUZ SEGUNDA',1205),
(120509,'LA PEÑA',1205),
(120510,'LAS MESAS',1205),
(120511,'PLANES PRIMERO',1205),
(120513,'PLANES TERCERO',1205),
(120514,'OJO DE AGUA',1205),
(120515,'OROMONTIQUE',1205),
(120516,'SAN ANTONIO',1205),
(120517,'SAN PEDRO ARENALES',1205),
(120518,'ZARAGOZA',1205),
(120519,'LAS MARIAS',1205),
(120520,'CHAMBALA',1205),
(120600,'CASCO URBANO',1206),
(120601,'EL CAPULIN',1206),
(120602,'CHILANGUERA',1206),
(120603,'GUADALUPE',1206),
(120604,'HOJA DE SAL',1206),
(120605,'LA ESTRECHURA',1206),
(120606,'NUEVA CONCEPCION',1206),
(120607,'SAN JOSE GUALOZO',1206),
(120608,'SAN PEDRO',1206),
(120609,'TIERRA BLANCA',1206),
(120700,'CASCO URBANO',1207),
(120701,'CALLE NUEVA',1207),
(120702,'LLANO DEL COYOL',1207),
(120703,'PRIMAVERA',1207),
(120704,'MOROPALA',1207),
(120800,'CASCO URBANO',1208),
(120801,'AMAYA',1208),
(120802,'CONCEPCION',1208),
(120803,'EL JICARO',1208),
(120804,'EL NANCITO',1208),
(120805,'EL PALON',1208),
(120806,'LAS VENTAS',1208),
(120807,'SAN FRANCISCO',1208),
(120808,'SANTA BARBARA',1208),
(120809,'VALENCIA',1208),
(120900,'CASCO URBANO',1209),
(120901,'EL CERRO',1209),
(120902,'EL JOBO',1209),
(120903,'EL PAPALON',1209),
(120904,'EL PLATANAR',1209),
(120905,'EL RODEO',1209),
(120906,'LA ESTANCIA',1209),
(120907,'LA FRAGUA',1209),
(120908,'LOS EJIDOS',1209),
(120909,'SALAMAR',1209),
(120910,'SANTA BARBARA',1209),
(120911,'TONGOLONA',1209),
(120912,'VALLE ALEGRE',1209),
(121000,'CASCO URBANO',1210),
(121001,'LOS PLANES DE SAN SEBASTIAN',1210),
(121002,'SAN LUIS',1210),
(121003,'PLANES PRIMERO',1210),
(121004,'PLANES SEGUNDO',1210),
(121005,'PLANES TERCERO',1210),
(121100,'CASCO URBANO',1211),
(121101,'CUCURUCHO',1211),
(121102,'JARDIN',1211),
(121103,'LOS LAURELES',1211),
(121104,'MONTECILLOS',1211),
(121105,'OJEO',1211),
(121106,'QUESERAS',1211),
(121107,'SAN SEBASTIAN',1211),
(121200,'CASCO URBANO',1212),
(121201,'OBRAJUELO',1212),
(121202,'EL TAMBORAL',1212),
(121203,'SAN JOSE',1212),
(121204,'SAN ANTONIO',1212),
(121300,'CASCO URBANO',1213),
(121301,'SAN DIEGO',1213),
(121302,'SAN MARCOS',1213),
(121400,'CASCO URBANO',1214),
(121401,'LA LAGUNA',1214),
(121402,'LA JOYA',1214),
(121403,'EL QUEBRACHO',1214),
(121404,'SAN JERONIMO',1214),
(121500,'CASCO URBANO',1215),
(121501,'CANDELARIA',1215),
(121502,'JOYA DE VENTURA',1215),
(121503,'LA CEIBA',1215),
(121504,'LA MORITA',1215),
(121505,'SAN JULIAN',1215),
(121600,'CASCO URBANO',1216),
(121601,'EL JUNQUILLO',1216),
(121602,'EL OSTUCAL',1216),
(121603,'SAN ANTONIO',1216),
(121604,'SAN JUAN',1216),
(121700,'CASCO URBANO',1217),
(121701,'ALTOMIRO',1217),
(121702,'ANCHICO',1217),
(121703,'CERRO BONITO',1217),
(121704,'CONCEPCION COROZAL',1217),
(121705,'EL HABILLAL',1217),
(121706,'EL JUTE',1217),
(121707,'EL NIÑO',1217),
(121708,'EL PAPALON',1217),
(121709,'EL PROGRESO',1217),
(121710,'EL SITIO',1217),
(121711,'EL TECOMATAL',1217),
(121712,'EL VOLCAN',1217),
(121713,'HATO NUEVO',1217),
(121714,'JALACATAL',1217),
(121715,'LA CONOA',1217),
(121716,'LA PUERTA',1217),
(121717,'LA TRINIDAD',1217),
(121718,'LAS DELICIAS',1217),
(121719,'LAS LOMITAS',1217),
(121720,'MIRAFLORES',1217),
(121721,'MONTE GRANDE',1217),
(121722,'SAN ANDRES',1217),
(121723,'SAN ANTONIO CHAVEZ',1217),
(121724,'SAN CARLOS',1217),
(121725,'SAN JACINTO',1217),
(121726,'SANTA INES',1217),
(121727,'EL AMATE',1217),
(121728,'EL BRAZO',1217),
(121729,'EL DELIRIO',1217),
(121730,'EL DIVISADERO',1217),
(121731,'EL ZAMORAN',1217),
(121732,'SAN ANTONIO SILVA',1217),
(121800,'CASCO URBANO',1218),
(121801,'LOS ZELAYA',1218),
(121802,'PIEDRA AZUL',1218),
(121803,'RODEO DE PIEDRON',1218),
(121804,'SANTA CLARA',1218),
(121900,'CASCO URBANO',1219),
(121901,'CHARLACA',1219),
(121902,'EL ESPIRITU SANTO',1219),
(121904,'EL TABLON',1219),
(121905,'LAS MESAS',1219),
(121906,'MANAGUARA',1219),
(121907,'MAZATEPEQUE',1219),
(121908,'MINITAS',1219),
(121909,'PETACONES',1219),
(121910,'SAN JACINTO',1219),
(121911,'SAN SEBASTIAN',1219),
(121912,'SANTA ROSA',1219),
(122000,'CASCO URBANO',1220),
(122001,'JUAN YANEZ',1220),
(122002,'LOS PILONES',1220),
(122003,'RIO VARGAS',1220),
(130100,'CASCO URBANO',1301),
(130101,'TIERRA COLORADA',1301),
(130102,'PUEBLO VIEJO',1301),
(130200,'CASCO URBANO',1302),
(130201,'AGUA BLANCA',1302),
(130202,'CALAVERA',1302),
(130203,'GUACHIPILIN',1302),
(130204,'JUNQUILLO',1302),
(130205,'LA ESTANCIA',1302),
(130206,'OCOTILLO',1302),
(130207,'SUNSULAPA',1302),
(130300,'CASCO URBANO',1303),
(130301,'CORRALITO',1303),
(130302,'HONDABLE',1303),
(130303,'LA LAGUNA',1303),
(130304,'SAN FELIPE',1303),
(130305,'VARILLA NEGRA',1303),
(130400,'CASCO URBANO',1304),
(130401,'EL CHAPARRAL',1304),
(130402,'EL PEDERNAL',1304),
(130403,'PIEDRA PARADA',1304),
(130404,'JOYA DEL MATAZANO',1304),
(130405,'LAJITAS',1304),
(130500,'CASCO URBANO',1305),
(130501,'EL VOLCAN',1305),
(130502,'LA CUCHILLA',1305),
(130600,'CASCO URBANO',1306),
(130601,'LOMA LARGA',1306),
(130602,'VILLA MODELO',1306),
(130603,'LOMA TENDIDA',1306),
(130604,'LLANO DE SANTIAGO',1306),
(130605,'SAN PEDRO RIO SECO',1306),
(130606,'SANTA ANITA',1306),
(130607,'NOMBRE DE JESUS',1306),
(130700,'CASCO URBANO',1307),
(130701,'OJO DE AGUA',1307),
(130702,'LA LAGUNA',1307),
(130800,'CASCO URBANO',1308),
(130801,'SAN LUCAS',1308),
(130802,'LA JOYA',1308),
(130900,'CASCO URBANO',1309),
(130901,'SAN BARTOLO',1309),
(130902,'MAIGUERA',1309),
(130903,'EL VOLCAN',1309),
(130904,'SIRIGUAL',1309),
(130905,'PAJIGUA',1309),
(130906,'LOS ABELINES',1309),
(131000,'CASCO URBANO',1310),
(131001,'PATURLA',1310),
(131002,'VOLCANCILLO',1310),
(131003,'EL ZAPOTAL',1310),
(131100,'CASCO URBANO',1311),
(131101,'EL RODEO',1311),
(131102,'EL VOLCANCILLO',1311),
(131200,'CASCO URBANO',1312),
(131201,'LAS MARIAS',1312),
(131202,'SAN JOSE',1312),
(131203,'LOS LAURELES',1312),
(131204,'LAGUNETAS',1312),
(131205,'SAN JUAN',1312),
(131206,'SAN FELIPE',1312),
(131207,'GUACHIPILIN',1312),
(131208,'FLAMENCO',1312),
(131300,'CASCO URBANO',1313),
(131301,'GUALINDO',1313),
(131302,'LA MANZANILLA',1313),
(131400,'CASCO URBANO',1314),
(131401,'CERRO PANDO',1314),
(131402,'LA JOYA',1314),
(131403,'SOLEDAD',1314),
(131404,'GUACAMAYA',1314),
(131500,'CASCO URBANO',1315),
(131501,'AGUA ZARCA',1315),
(131502,'CERRO COYOL',1315),
(131503,'HUILIHUISTE',1315),
(131504,'LA MONTAÑA',1315),
(131505,'LLANO ALEGRE',1315),
(131600,'CASCO URBANO',1316),
(131601,'CASA BLANCA',1316),
(131602,'EL CARRIZAL',1316),
(131603,'SABANETAS',1316),
(131700,'CASCO URBANO',1317),
(131701,'SAN DIEGO',1317),
(131702,'LA JAGUA',1317),
(131703,'SAN MARCOS',1317),
(131704,'VALLE NUEVO',1317),
(131800,'CASCO URBANO',1318),
(131801,'AZACUALPA',1318),
(131802,'CAÑAVERALES',1318),
(131900,'CASCO URBANO',1319),
(131901,'CACAHUATALEJO',1319),
(131902,'EL NORTE',1319),
(131903,'EL ROSARIO',1319),
(131904,'EL TRIUNFO',1319),
(131905,'SAN FRANCISQUITO',1319),
(131906,'SAN JOSE',1319),
(132000,'CASCO URBANO',1320),
(132001,'EL ROSARIO',1320),
(132002,'PIEDRA PARADA',1320),
(132100,'CASCO URBANO',1321),
(132101,'EL CARRIZAL',1321),
(132102,'EL CERRO',1321),
(132103,'LAS QUEBRADAS',1321),
(132104,'POTRERO ADENTRO',1321),
(132105,'VALLE GRANDE',1321),
(132200,'CASCO URBANO',1322),
(132201,'EL LIMON',1322),
(132202,'EL RODEO',1322),
(132300,'CASCO URBANO',1323),
(132301,'ANIMAS',1323),
(132302,'EL BEJUCAL',1323),
(132303,'CAPULES',1323),
(132304,'CANDELARIA',1323),
(132305,'EL PEÑON',1323),
(132306,'EL TABLON',1323),
(132307,'LABRANZA',1323),
(132308,'LA JOYA',1323),
(132400,'CASCO URBANO',1324),
(132401,'AGUA ZARCA',1324),
(132402,'CERRITOS',1324),
(132403,'EL PROGRESO',1324),
(132404,'TIJERETAS',1324),
(132500,'CASCO URBANO',1325),
(132501,'JOYA DEL MATAZANO',1325),
(132502,'LOMA DEL CHILE',1325),
(132503,'SAN FRANCISQUITO',1325),
(132504,'SAN JUAN DE LA CRUZ',1325),
(132600,'CASCO URBANO',1326),
(132601,'EL ACEITUNO',1326),
(132602,'EL VOLCAN',1326),
(140100,'CASCO URBANO',1401),
(140101,'AGUA BLANCA',1401),
(140102,'CORDONCILLO',1401),
(140103,'CARBONAL',1401),
(140104,'EL CEDRO',1401),
(140105,'HUERTAS VIEJAS',1401),
(140106,'TERRERITOS',1401),
(140107,'TIZATE',1401),
(140108,'TULIMA',1401),
(140200,'CASCO URBANO',1402),
(140201,'ALBORNOZ',1402),
(140202,'CANDELARIA ALBORNOZ',1402),
(140203,'EL TRANSITO',1402),
(140204,'GUADALUPE',1402),
(140206,'LA PAZ',1402),
(140207,'LA RINCONADA',1402),
(140208,'NUEVA GUADALUPE',1402),
(140209,'SANTA LUCIA',1402),
(140300,'CASCO URBANO',1403),
(140301,'EL MOLINO',1403),
(140302,'EL ZAPOTE',1403),
(140303,'EL GUAYABO',1403),
(140304,'GUARIPE',1403),
(140400,'CASCO URBANO',1404),
(140401,'CONCHAGÜITA',1404),
(140402,'EL CACAO',1404),
(140403,'CERRO EL JIOTE',1404),
(140404,'EL CIPRES',1404),
(140405,'EL FARO',1404),
(140407,'GUISQUIL',1404),
(140408,'EL PILON',1404),
(140409,'EL TAMARINDO',1404),
(140410,'LOS ANGELES',1404),
(140411,'LLANO DE LOS PATOS',1404),
(140412,'MAQUIGUE',1404),
(140413,'PIEDRA BLANCA',1404),
(140414,'PIEDRA RAYADA',1404),
(140415,'YOLOGUAL',1404),
(140500,'CASCO URBANO',1405),
(140501,'ALTO EL ROBLE',1405),
(140502,'EL CAULOTILLO',1405),
(140503,'EL GAVILAN',1405),
(140504,'EL PICHE',1405),
(140505,'EL TEJAR',1405),
(140506,'EL ZAPOTAL',1405),
(140507,'LA CAÑADA',1405),
(140508,'LAS PITAS',1405),
(140509,'LOS CONEJOS',1405),
(140510,'OLOMEGA',1405),
(140511,'SALALAGUA',1405),
(140600,'CASCO URBANO',1406),
(140601,'CANAIRE',1406),
(140602,'EL RINCON',1406),
(140603,'SAN JUAN GUALARE',1406),
(140604,'SANTA ROSITA',1406),
(140605,'EL TALPETATE',1406),
(140700,'CASCO URBANO',1407),
(140701,'CHICHIPATE',1407),
(140703,'EL CARAO',1407),
(140704,'LA LEONA',1407),
(140800,'CASCO URBANO',1408),
(140801,'AGUA CALIENTE',1408),
(140802,'AGUA ESCONDIDA',1408),
(140803,'AMAPALITA',1408),
(140804,'EL COYOLITO',1408),
(140805,'EL JICARO',1408),
(140806,'ISLA ZACATILLO',1408),
(140807,'LA QUEZADILLA',1408),
(140808,'LAS CHACHAS',1408),
(140809,'LOMA LARGA',1408),
(140810,'SIRAMA',1408),
(140811,'TIHUILOTAL',1408),
(140812,'ISLA PERICO',1408),
(140813,'LAS MADERAS',1408),
(140900,'CASCO URBANO',1409),
(140901,'AGUA FRIA',1409),
(140902,'EL DERRUMBADO',1409),
(140903,'GUAJINIQUIL',1409),
(140904,'EL TERRERO',1409),
(140905,'HIGUERAS',1409),
(140906,'LAS PILAS',1409),
(141000,'CASCO URBANO',1410),
(141001,'CONACASTAL O GUANACASTAL',1410),
(141002,'EL COROZAL',1410),
(141003,'EL SALVADOR O EL ZAMBULLIDO',1410),
(141004,'GUERRERO O EL MAJAHUAL',1410),
(141005,'ISLA CONCHAGUITA',1410),
(141006,'ISLA MEANGUERITA',1410),
(141007,'LA NEGRA',1410),
(141008,'LA PERIQUERA',1410),
(141100,'CASCO URBANO',1411),
(141101,'EL PORTILLO',1411),
(141102,'HONDURITAS',1411),
(141103,'LAS MARIAS',1411),
(141104,'MONTECA',1411),
(141105,'OCOTILLO',1411),
(141106,'TALPETATE',1411),
(141200,'CASCO URBANO',1412),
(141201,'CERRO PELON',1412),
(141202,'EL REBALSE',1412),
(141203,'EL TABLON',1412),
(141204,'HORCONES',1412),
(141205,'PIEDRAS BLANCAS',1412),
(141206,'SAN EDUARDO',1412),
(141207,'SAN FELIPE',1412),
(141208,'SANTA CLARA',1412),
(141209,'VALLE AFUERA',1412),
(141300,'CASCO URBANO',1413),
(141301,'BOQUIN',1413),
(141302,'CARPINTERO',1413),
(141303,'LAJITAS',1413),
(141304,'MALA LAJA',1413),
(141305,'EL OCOTE',1413),
(141306,'EL PUEBLO',1413),
(141307,'EL RODEO',1413),
(141400,'CASCO URBANO',1414),
(141401,'AGUA FRIA',1414),
(141402,'BOBADILLA',1414),
(141403,'CEIBILLAS',1414),
(141404,'CERCO DE PIEDRA',1414),
(141405,'EL COPALIO',1414),
(141406,'EL CARAGON',1414),
(141407,'EL TAMARINDO',1414),
(141408,'EL TIZATILLO',1414),
(141409,'HATO NUEVO',1414),
(141410,'LAS QUESERAS',1414),
(141411,'LOS JIOTES',1414),
(141413,'MOGOTILLO',1414),
(141414,'SAN JERONIMO',1414),
(141415,'SANTA CRUZ',1414),
(141416,'TERRERO BLANCO',1414),
(141500,'CASCO URBANO',1415),
(141501,'CHAGUITILLO',1415),
(141502,'EL ZAPOTE',1415),
(141503,'LA JOYA',1415),
(141504,'EL SOMBRERITO',1415),
(141600,'CASCO URBANO',1416),
(141601,'COPETILLOS',1416),
(141602,'EL ALGODON',1416),
(141603,'EL PORTILLO',1416),
(141604,'LA CHORRERA',1416),
(141605,'LAS CAÑAS',1416),
(141606,'LOS MOJONES',1416),
(141607,'PASAQUINITA',1416),
(141608,'SAN SEBASTIAN',1416),
(141700,'CASCO URBANO',1417),
(141701,'CENTENO',1417),
(141702,'EL PASTOR',1417),
(141703,'LOS AMATES',1417),
(141704,'EL SOCORRO',1417),
(141800,'CASCO URBANO',1418),
(141801,'CANDELARIA',1418),
(141802,'CIRICUARIO',1418),
(141803,'LA CAÑADA',1418),
(141804,'LAS MARIAS',1418),
(141805,'LOS HATILLOS',1418),
(141806,'TEPEMECHIN',1418),
(141807,'VALLE NUEVO',1418),
(141808,'EL CARMEN',1418),
(141809,'LAS CRUCES',1418);
insert  into `departamento`(`id_departamento`,`id_region`,`departamento`) values 
(1,1,'AHUACHAPAN'),
(2,1,'SANTA ANA'),
(3,1,'SONSONATE'),
(4,2,'CHALATENANGO'),
(5,2,'LA LIBERTAD'),
(6,2,'SAN SALVADOR'),
(7,3,'CUSCATLAN'),
(8,2,'LA PAZ'),
(9,3,'CABAÑAS'),
(10,3,'SAN VICENTE'),
(11,4,'USULUTAN'),
(12,4,'SAN MIGUEL'),
(13,4,'MORAZAN'),
(14,4,'LA UNION'),
(15,1,'GUATEMALA');
insert  into `departamentos`(`id_departamento`,`codigo_departamento`,`departamento`,`estado`) values 
(1,'01','AHUACHAPAN',1),
(2,'02','SANTA ANA',1),
(3,'03','SONSONATE',1),
(4,'04','CHALATENANGO',1),
(5,'05','LA LIBERTAD',1),
(6,'06','SAN SALVADOR',1),
(7,'07','CUSCATLAN',1),
(8,'08','LA PAZ',1),
(9,'09','CABANAS',1),
(10,'10','SAN VICENTE',1),
(11,'11','USULUTAN',1),
(12,'12','SAN MIGUEL',1),
(13,'13','MORAZAN',1),
(14,'14','LA UNION',1);
insert  into `distritos`(`id_distrito`,`codigo_municipio`,`codigo_distrito`,`distrito`,`estado`) values 
(1,'1301','001','ATIQUIZAYA',1),
(2,'1301','002','EL REFUGIO',1),
(3,'1301','003','SAN LORENZO',1),
(4,'1301','004','TURÍN',1),
(5,'1401','005','AHUACHAPÁN',1),
(6,'1401','006','APANECA',1),
(7,'1401','007','CONCEPCIÓN DE ATACO',1),
(8,'1401','008','TACUBA',1),
(9,'1501','009','GUAYMANGO',1),
(10,'1501','010','JUJUTLA',1),
(11,'1501','011','SAN FRANCISCO MENÉNDEZ',1),
(12,'1501','012','SAN PEDRO PUXTLA',1),
(13,'2006','013','AGUILARES',1),
(14,'2006','014','EL PAISNAL',1),
(15,'2006','015','GUAZAPA',1),
(16,'2106','016','APOPA',1),
(17,'2106','017','NEJAPA',1),
(18,'2206','018','ILOPANGO',1),
(19,'2206','019','SAN MARTÍN',1),
(20,'2206','020','SOYAPANGO',1),
(21,'2206','021','TONACATEPEQUE',1),
(22,'2306','022','AYUTUXTEPEQUE',1),
(23,'2306','023','MEJICANOS',1),
(24,'2306','024','SAN SALVADOR',1),
(25,'2306','025','CUSCATANCINGO',1),
(26,'2306','026','CIUDAD DELGADO',1),
(27,'2406','027','PANCHIMALCO',1),
(28,'2406','028','ROSARIO DE MORA',1),
(29,'2406','029','SAN MARCOS',1),
(30,'2406','030','SANTO TOMÁS',1),
(31,'2406','031','SANTIAGO TEXACUANGOS',1),
(32,'2305','032','QUEZALTEPEQUE',1),
(33,'2305','033','SAN MATÍAS',1),
(34,'2305','034','SAN PABLO TACACHICO',1),
(35,'2405','035','SAN JUAN OPICO',1),
(36,'2405','036','CIUDAD ARCE',1),
(37,'2505','037','COLÓN',1),
(38,'2505','038','JAYAQUE',1),
(39,'2505','039','SACACOYO',1),
(40,'2505','040','TEPECOYO',1),
(41,'2505','041','TALNIQUE',1),
(42,'2605','042','ANTIGUO CUSCATLÁN',1),
(43,'2605','043','HUIZÚCAR',1),
(44,'2605','044','NUEVO CUSCATLÁN',1),
(45,'2605','045','SAN JOSÉ VILLANUEVA',1),
(46,'2605','046','ZARAGOZA',1),
(47,'2705','047','CHILTIUPÁN',1),
(48,'2705','048','JICALAPA',1),
(49,'2705','049','LA LIBERTAD',1),
(50,'2705','050','TAMANIQUE',1),
(51,'2705','051','TEOTEPEQUE',1),
(52,'2805','052','COMASAGUA',1),
(53,'2805','053','SANTA TECLA',1),
(54,'3404','054','LA PALMA',1),
(55,'3404','055','CITALÁ',1),
(56,'3404','056','SAN IGNACIO',1),
(57,'3504','057','NUEVA CONCEPCIÓN',1),
(58,'3504','058','TEJUTLA',1),
(59,'3504','059','LA REINA',1),
(60,'3504','060','AGUA CALIENTE',1),
(61,'3504','061','DULCE NOMBRE DE MARÍA',1),
(62,'3504','062','EL PARAÍSO',1),
(63,'3504','063','SAN FERNANDO',1),
(64,'3504','064','SAN FRANCISCO MORAZÁN',1),
(65,'3504','065','SAN RAFAEL',1),
(66,'3504','066','SANTA RITA',1),
(67,'3604','067','CHALATENANGO',1),
(68,'3604','068','ARCATAO',1),
(69,'3604','069','AZACUALPA',1),
(70,'3604','070','COMALAPA',1),
(71,'3604','071','CONCEPCIÓN QUEZALTEPEQUE',1),
(72,'3604','072','EL CARRIZAL',1),
(73,'3604','073','LA LAGUNA',1),
(74,'3604','074','LAS VUELTAS',1),
(75,'3604','075','NOMBRE DE JESÚS',1),
(76,'3604','076','NUEVA TRINIDAD',1),
(77,'3604','077','OJOS DE AGUA',1),
(78,'3604','078','POTONICO',1),
(79,'3604','079','SAN ANTONIO DE LA CRUZ',1),
(80,'3604','080','SAN ANTONIO LOS RANCHOS',1),
(81,'3604','081','SAN FRANCISCO LEMPA',1),
(82,'3604','082','SAN ISIDRO LABRADOR',1),
(83,'3604','083','SAN JOSÉ CANCASQUE',1),
(84,'3604','084','SAN MIGUEL DE MERCEDES',1),
(85,'3604','085','SAN JOSÉ LAS FLORES',1),
(86,'3604','086','SAN LUIS DEL CARMEN',1),
(87,'1707','087','SUCHITOTO',1),
(88,'1707','088','SAN JOSÉ GUAYABAL',1),
(89,'1707','089','ORATORIO DE CONCEPCIÓN',1),
(90,'1707','090','SAN BARTOLOMÉ PERULAPÍA',1),
(91,'1707','091','SAN PEDRO PERULAPÁN',1),
(92,'1807','092','COJUTEPEQUE',1),
(93,'1807','093','SAN RAFAEL CEDROS',1),
(94,'1807','094','CANDELARIA',1),
(95,'1807','095','MONTE SAN JUAN',1),
(96,'1807','096','EL CARMEN',1),
(97,'1807','097','SAN CRISTOBAL',1),
(98,'1807','098','SANTA CRUZ MICHAPA',1),
(99,'1807','099','SAN RAMÓN',1),
(100,'1807','100','EL ROSARIO',1),
(101,'1807','101','SANTA CRUZ ANALQUITO',1),
(102,'1807','102','TENANCINGO',1),
(103,'1109','103','SENSUNTEPEQUE',1),
(104,'1109','104','VICTORIA',1),
(105,'1109','105','DOLORES',1),
(106,'1109','106','GUACOTECTI',1),
(107,'1109','107','SAN ISIDRO',1),
(108,'1009','108','ILOBASCO',1),
(109,'1009','109','TEJUTEPEQUE',1),
(110,'1009','110','JUTIAPA',1),
(111,'1009','111','CINQUERA',1),
(112,'2308','112','CUYULTITAN',1),
(113,'2308','113','OLOCUILTA',1),
(114,'2308','114','SAN JUAN TALPA',1),
(115,'2308','115','SAN LUIS TALPA',1),
(116,'2308','116','SAN PEDRO MASAHUAT',1),
(117,'2308','117','TAPALHUACA',1),
(118,'2308','118','SAN FRANCISCO CHINAMECA',1),
(119,'2408','119','EL ROSARIO',1),
(120,'2408','120','JERUSALÉN',1),
(121,'2408','121','MERCEDES LA CEIBA',1),
(122,'2408','122','PARAÍSO DE OSORIO',1),
(123,'2408','123','SAN ANTONIO MASAHUAT',1),
(124,'2408','124','SAN EMIGDIO',1),
(125,'2408','125','SAN JUAN TEPEZONTES',1),
(126,'2408','126','SAN LUÍS LA HERRADURA',1),
(127,'2408','127','SAN MIGUEL TEPEZONTES',1),
(128,'2408','128','SAN PEDRO NONUALCO',1),
(129,'2408','129','SANTA MARÍA OSTUMA',1),
(130,'2408','130','SANTIAGO NONUALCO',1),
(131,'2508','131','SAN JUAN NONUALCO',1),
(132,'2508','132','SAN RAFAEL OBRAJUELO',1),
(133,'2508','133','ZACATECOLUCA',1),
(134,'1914','134','ANAMORÓS',1),
(135,'1914','135','BOLIVAR',1),
(136,'1914','136','CONCEPCIÓN DE ORIENTE',1),
(137,'1914','137','EL SAUCE',1),
(138,'1914','138','LISLIQUE',1),
(139,'1914','139','NUEVA ESPARTA',1),
(140,'1914','140','PASAQUINA',1),
(141,'1914','141','POLORÓS',1),
(142,'1914','142','SAN JOSÉ LA FUENTE',1),
(143,'1914','143','SANTA ROSA DE LIMA',1),
(144,'2014','144','CONCHAGUA',1),
(145,'2014','145','EL CARMEN',1),
(146,'2014','146','INTIPUCÁ',1),
(147,'2014','147','LA UNIÓN',1),
(148,'2014','148','MEANGUERA DEL GOLFO',1),
(149,'2014','149','SAN ALEJO',1),
(150,'2014','150','YAYANTIQUE',1),
(151,'2014','151','YUCUAIQUÍN',1),
(152,'2411','152','SANTIAGO DE MARÍA',1),
(153,'2411','153','ALEGRÍA',1),
(154,'2411','154','BERLÍN',1),
(155,'2411','155','MERCEDES UMAÑA',1),
(156,'2411','156','JUCUAPA',1),
(157,'2411','157','EL TRIUNFO',1),
(158,'2411','158','ESTANZUELAS',1),
(159,'2411','159','SAN BUENAVENTURA',1),
(160,'2411','160','NUEVA GRANADA',1),
(161,'2511','161','USULUTÁN',1),
(162,'2511','162','JUCUARÁN',1),
(163,'2511','163','SAN DIONISIO',1),
(164,'2511','164','CONCEPCIÓN BATRES',1),
(165,'2511','165','SANTA MARÍA',1),
(166,'2511','166','OZATLÁN',1),
(167,'2511','167','TECAPÁN',1),
(168,'2511','168','SANTA ELENA',1),
(169,'2511','169','CALIFORNIA',1),
(170,'2511','170','EREGUAYQUÍN',1),
(171,'2611','171','JIQUILISCO',1),
(172,'2611','172','PUERTO EL TRIUNFO',1),
(173,'2611','173','SAN AGUSTÍN',1),
(174,'2611','174','SAN FRANCISCO JAVIER',1),
(175,'1703','175','JUAYUA',1),
(176,'1703','176','NAHUIZALCO',1),
(177,'1703','177','SALCOATITÁN',1),
(178,'1703','178','SANTA CATARINA MASAHUAT',1),
(179,'1803','179','SONSONATE',1),
(180,'1803','180','SONZACATE',1),
(181,'1803','181','NAHULINGO',1),
(182,'1803','182','SAN ANTONIO DEL MONTE',1),
(183,'1803','183','SANTO DOMINGO DE GUZMÁN',1),
(184,'1903','184','IZALCO',1),
(185,'1903','185','ARMENIA',1),
(186,'1903','186','CALUCO',1),
(187,'1903','187','SAN JULIÁN',1),
(188,'1903','188','CUISNAHUAT',1),
(189,'1903','189','SANTA ISABEL ISHUATÁN',1),
(190,'2003','190','ACAJUTLA',1),
(191,'1402','191','MASAHUAT',1),
(192,'1402','192','METAPÁN',1),
(193,'1402','193','SANTA ROSA GUACHIPILÍN',1),
(194,'1402','194','TEXISTEPEQUE',1),
(195,'1502','195','SANTA ANA',1),
(196,'1602','196','COATEPEQUE',1),
(197,'1602','197','EL CONGO',1),
(198,'1702','198','CANDELARIA DE LA FRONTERA',1),
(199,'1702','199','CHALCHUAPA',1),
(200,'1702','200','EL PORVENIR',1),
(201,'1702','201','SAN ANTONIO PAJONAL',1),
(202,'1702','202','SAN SEBASTIÁN SALITRILLO',1),
(203,'1702','203','SANTIAGO DE LA FRONTERA',1),
(204,'1410','204','APASTEPEQUE',1),
(205,'1410','205','SANTA CLARA',1),
(206,'1410','206','SAN ILDEFONSO',1),
(207,'1410','207','SAN ESTEBAN CATARINA',1),
(208,'1410','208','SAN SEBASTIÁN',1),
(209,'1410','209','SAN LORENZO',1),
(210,'1410','210','SANTO DOMINGO',1),
(211,'1510','211','SAN VICENTE',1),
(212,'1510','212','GUADALUPE',1),
(213,'1510','213','VERAPAZ',1),
(214,'1510','214','TEPETITÁN',1),
(215,'1510','215','TECOLUCA',1),
(216,'1510','216','SAN CAYETANO ISTEPEQUE',1),
(217,'2112','217','CIUDAD BARRIOS',1),
(218,'2112','218','SESORI',1),
(219,'2112','219','NUEVO EDÉN DE SAN JUAN',1),
(220,'2112','220','SAN GERARDO',1),
(221,'2112','221','SAN LUIS DE LA REINA',1),
(222,'2112','222','CAROLINA',1),
(223,'2112','223','SAN ANTONIO DEL MOSCO',1),
(224,'2112','224','CHAPELTIQUE',1),
(225,'2212','225','SAN MIGUEL',1),
(226,'2212','226','COMACARÁN',1),
(227,'2212','227','ULUAZAPA',1),
(228,'2212','228','MONCAGUA',1),
(229,'2212','229','QUELEPA',1),
(230,'2212','230','CHIRILAGUA',1),
(231,'2312','231','CHINAMECA',1),
(232,'2312','232','NUEVA GUADALUPE',1),
(233,'2312','233','LOLOTIQUE',1),
(234,'2312','234','SAN JORGE',1),
(235,'2312','235','SAN RAFAEL ORIENTE',1),
(236,'2312','236','EL TRÁNSITO',1),
(237,'2713','237','ARAMBALA',1),
(238,'2713','238','CACAOPERA',1),
(239,'2713','239','CORINTO',1),
(240,'2713','240','EL ROSARIO',1),
(241,'2713','241','JOATECA',1),
(242,'2713','242','JOCOAITIQUE',1),
(243,'2713','243','MEANGUERA',1),
(244,'2713','244','PERQUÍN',1),
(245,'2713','245','SAN FERNANDO',1),
(246,'2713','246','SAN ISIDRO',1),
(247,'2713','247','TOROLA',1),
(248,'2813','248','CHILANGA',1),
(249,'2813','249','DELICIAS DE CONCEPCIÓN',1),
(250,'2813','250','EL DIVISADERO',1),
(251,'2813','251','GUALOCOCTI',1),
(252,'2813','252','GUATAJIAGUA',1),
(253,'2813','253','JOCORO',1),
(254,'2813','254','LOLOTIQUILLO',1),
(255,'2813','255','OSICALA',1),
(256,'2813','256','SAN CARLOS',1),
(257,'2813','257','SAN FRANCISCO GOTERA',1),
(258,'2813','258','SAN SIMÓN',1),
(259,'2813','259','SENSEMBRA',1),
(260,'2813','260','SOCIEDAD',1),
(261,'2813','261','YAMABAL',1),
(262,'2813','262','YOLOAIQUÍN',1);
insert  into `municipio`(`id_municipio`,`municipio`,`id_departamento`) values 
(101,'AHUACHAPAN',1),
(102,'APANECA',1),
(103,'ATIQUIZAYA',1),
(104,'CONCEPCION DE ATACO',1),
(105,'EL REFUGIO',1),
(106,'GUAYMANGO',1),
(107,'JUJUTLA',1),
(108,'SAN FRANCISCO MENENDEZ',1),
(109,'SAN LORENZO',1),
(110,'SAN PEDRO PUXTLA',1),
(111,'TACUBA',1),
(112,'TURIN',1),
(201,'CANDELARIA DE LA FRONTERA',2),
(202,'COATEPEQUE',2),
(203,'CHALCHUAPA',2),
(204,'EL CONGO',2),
(205,'EL PORVENIR',2),
(206,'MASAHUAT',2),
(207,'METAPAN',2),
(208,'SAN ANTONIO PAJONAL',2),
(209,'SAN SEBASTIAN SALITRILLO',2),
(210,'SANTA ANA',2),
(211,'SANTA ROSA GUACHIPILIN',2),
(212,'SANTIAGO DE LA FRONTERA',2),
(213,'TEXISTEPEQUE',2),
(301,'ACAJUTLA',3),
(302,'ARMENIA',3),
(303,'CALUCO',3),
(304,'CUISNAHUAT',3),
(305,'SANTA ISABEL ISHUATAN',3),
(306,'IZALCO',3),
(307,'JUAYUA',3),
(308,'NAHUIZALCO',3),
(309,'NAHULINGO',3),
(310,'SALCOATITAN',3),
(311,'SAN ANTONIO DEL MONTE',3),
(312,'SAN JULIAN',3),
(313,'SANTA CATARINA MASAHUAT',3),
(314,'SANTO DOMINGO DE GUZMAN',3),
(315,'SONSONATE',3),
(316,'SONZACATE',3),
(401,'AGUA CALIENTE',4),
(402,'ARCATAO',4),
(403,'AZACUALPA',4),
(404,'CITALA',4),
(405,'COMALAPA',4),
(406,'CONCEPCION QUEZALTEPEQUE',4),
(407,'CHALATENANGO',4),
(408,'DULCE NOMBRE DE MARIA',4),
(409,'EL CARRIZAL',4),
(410,'EL PARAISO',4),
(411,'LA LAGUNA',4),
(412,'LA PALMA',4),
(413,'LA REINA',4),
(414,'LAS VUELTAS',4),
(415,'NOMBRE DE JESUS',4),
(416,'NUEVA CONCEPCION',4),
(417,'NUEVA TRINIDAD',4),
(418,'OJOS DE AGUA',4),
(419,'POTONICO',4),
(420,'SAN ANTONIO DE LA CRUZ',4),
(421,'SAN ANTONIO LOS RANCHOS',4),
(422,'SAN FERNANDO',4),
(423,'SAN FRANCISCO LEMPA',4),
(424,'SAN FRANCISCO MORAZAN',4),
(425,'SAN IGNACIO',4),
(426,'SAN ISIDRO LABRADOR',4),
(427,'CANCASQUE',4),
(428,'LAS FLORES',4),
(429,'SAN LUIS DEL CARMEN',4),
(430,'SAN MIGUEL DE MERCEDES',4),
(431,'SAN RAFAEL',4),
(432,'SANTA RITA',4),
(433,'TEJUTLA',4),
(501,'ANTIGUO CUSCATLAN',5),
(502,'CIUDAD ARCE',5),
(503,'COLON',5),
(504,'COMASAGUA',5),
(505,'CHILTIUPAN',5),
(506,'HUIZUCAR',5),
(507,'JAYAQUE',5),
(508,'JICALAPA',5),
(509,'LA LIBERTAD',5),
(510,'NUEVO CUSCATLAN',5),
(511,'SANTA TECLA',5),
(512,'QUEZALTEPEQUE',5),
(513,'SACACOYO',5),
(514,'SAN JOSE VILLANUEVA',5),
(515,'SAN JUAN OPICO',5),
(516,'SAN MATIAS',5),
(517,'SAN PABLO TACACHICO',5),
(518,'TAMANIQUE',5),
(519,'TALNIQUE',5),
(520,'TEOTEPEQUE',5),
(521,'TEPECOYO',5),
(522,'ZARAGOZA',5),
(601,'AGUILARES',6),
(602,'APOPA',6),
(603,'AYUTUXTEPEQUE',6),
(604,'CUSCATANCINGO',6),
(605,'EL PAISNAL',6),
(606,'GUAZAPA',6),
(607,'ILOPANGO',6),
(608,'MEJICANOS',6),
(609,'NEJAPA',6),
(610,'PANCHIMALCO',6),
(611,'ROSARIO DE MORA',6),
(612,'SAN MARCOS',6),
(613,'SAN MARTIN',6),
(614,'SAN SALVADOR',6),
(615,'SANTIAGO TEXACUANGOS',6),
(616,'SANTO TOMAS',6),
(617,'SOYAPANGO',6),
(618,'TONACATEPEQUE',6),
(619,'CIUDAD DELGADO',6),
(701,'CANDELARIA',7),
(702,'COJUTEPEQUE',7),
(703,'EL CARMEN',7),
(704,'EL ROSARIO',7),
(705,'MONTE SAN JUAN',7),
(706,'ORATORIO DE CONCEPCION',7),
(707,'SAN BARTOLOME PERULAPIA',7),
(708,'SAN CRISTOBAL',7),
(709,'SAN JOSE GUAYABAL',7),
(710,'SAN PEDRO PERULAPAN',7),
(711,'SAN RAFAEL CEDROS',7),
(712,'SAN RAMON',7),
(713,'SANTA CRUZ ANALQUITO',7),
(714,'SANTA CRUZ MICHAPA',7),
(715,'SUCHITOTO',7),
(716,'TENANCINGO',7),
(801,'CUYULTITAN',8),
(802,'EL ROSARIO',8),
(803,'JERUSALEN',8),
(804,'MERCEDES LA CEIBA',8),
(805,'OLOCUILTA',8),
(806,'PARAISO DE OSORIO',8),
(807,'SAN ANTONIO MASAHUAT',8),
(808,'SAN EMIGDIO',8),
(809,'SAN FRANCISCO CHINAMECA',8),
(810,'SAN JUAN NONUALCO',8),
(811,'SAN JUAN TALPA',8),
(812,'SAN JUAN TEPEZONTES',8),
(813,'SAN LUIS TALPA',8),
(814,'SAN MIGUEL TEPEZONTES',8),
(815,'SAN PEDRO MASAHUAT',8),
(816,'SAN PEDRO NONUALCO',8),
(817,'SAN RAFAEL OBRAJUELO',8),
(818,'SANTA MARIA OSTUMA',8),
(819,'SANTIAGO NONUALCO',8),
(820,'TAPALHUACA',8),
(821,'ZACATECOLUCA',8),
(822,'SAN LUIS LA HERRADURA',8),
(901,'CINQUERA',9),
(902,'GUACOTECTI',9),
(903,'ILOBASCO',9),
(904,'JUTIAPA',9),
(905,'SAN ISIDRO',9),
(906,'SENSUNTEPEQUE',9),
(907,'TEJUTEPEQUE',9),
(908,'VICTORIA',9),
(909,'DOLORES',9),
(1001,'APASTEPEQUE',10),
(1002,'GUADALUPE',10),
(1003,'SAN CAYETANO ISTEPEQUE',10),
(1004,'SANTA CLARA',10),
(1005,'SANTO DOMINGO',10),
(1006,'SAN ESTEBAN CATARINA',10),
(1007,'SAN ILDEFONSO',10),
(1008,'SAN LORENZO',10),
(1009,'SAN SEBASTIAN',10),
(1010,'SAN VICENTE',10),
(1011,'TECOLUCA',10),
(1012,'TEPETITAN',10),
(1013,'VERAPAZ',10),
(1101,'ALEGRIA',11),
(1102,'BERLIN',11),
(1103,'CALIFORNIA',11),
(1104,'CONCEPCION BATRES',11),
(1105,'EL TRIUNFO',11),
(1106,'EREGUAYQUIN',11),
(1107,'ESTANZUELAS',11),
(1108,'JIQUILISCO',11),
(1109,'JUCUAPA',11),
(1110,'JUCUARAN',11),
(1111,'MERCEDES UMAÑA',11),
(1112,'NUEVA GRANADA',11),
(1113,'OZATLAN',11),
(1114,'PUERTO EL TRIUNFO',11),
(1115,'SAN AGUSTIN',11),
(1116,'SAN BUENA VENTURA',11),
(1117,'SAN DIONISIO',11),
(1118,'SANTA ELENA',11),
(1119,'SAN FRANCISCO JAVIER',11),
(1120,'SANTA MARIA',11),
(1121,'SANTIAGO DE MARIA',11),
(1122,'TECAPAN',11),
(1123,'USULUTAN',11),
(1201,'CAROLINA',12),
(1202,'CIUDAD BARRIOS',12),
(1203,'COMACARAN',12),
(1204,'CHAPELTIQUE',12),
(1205,'CHINAMECA',12),
(1206,'CHIRILAGUA',12),
(1207,'EL TRANSITO',12),
(1208,'LOLOTIQUE',12),
(1209,'MONCAGUA',12),
(1210,'NUEVA GUADALUPE',12),
(1211,'NUEVO EDEN DE SAN JUAN',12),
(1212,'QUELEPA',12),
(1213,'SAN ANTONIO',12),
(1214,'SAN GERARDO',12),
(1215,'SAN JORGE',12),
(1216,'SAN LUIS DE LA REINA',12),
(1217,'SAN MIGUEL',12),
(1218,'SAN RAFAEL ORIENTE',12),
(1219,'SESORI',12),
(1220,'ULUAZAPA',12),
(1301,'ARAMBALA',13),
(1302,'CACAOPERA',13),
(1303,'CORINTO',13),
(1304,'CHILANGA',13),
(1305,'DELICIAS DE CONCEPCION',13),
(1306,'EL DIVISADERO',13),
(1307,'EL ROSARIO',13),
(1308,'GUALOCOCTI',13),
(1309,'GUATAJIAGUA',13),
(1310,'JOATECA',13),
(1311,'JOCOAITIQUE',13),
(1312,'JOCORO',13),
(1313,'LOLOTIQUILLO',13),
(1314,'MEANGUERA',13),
(1315,'OSCICALA',13),
(1316,'PERQUIN',13),
(1317,'SAN CARLOS',13),
(1318,'SAN FERNANDO',13),
(1319,'SAN FRANCISCO GOTERA',13),
(1320,'SAN ISIDRO',13),
(1321,'SAN SIMON',13),
(1322,'SENSEMBRA',13),
(1323,'SOCIEDAD',13),
(1324,'TOROLA',13),
(1325,'YAMABAL',13),
(1326,'YOLOAIQUIN',13),
(1401,'ANAMOROS',14),
(1402,'BOLIVAR',14),
(1403,'CONCEPCION DE ORIENTE',14),
(1404,'CONCHAGUA',14),
(1405,'EL CARMEN',14),
(1406,'EL SAUCE',14),
(1407,'INTIPUCA',14),
(1408,'LA UNION',14),
(1409,'LISLIQUE',14),
(1410,'MEANGUERA DEL GOLFO',14),
(1411,'NUEVA ESPARTA',14),
(1412,'PASAQUINA',14),
(1413,'POLOROS',14),
(1414,'SAN ALEJO',14),
(1415,'SAN JOSE',14),
(1416,'SANTA ROSA DE LIMA',14),
(1417,'YAYANTIQUE',14),
(1418,'YUCUAIQUIN',14),
(1419,'VILLA NUEVA',15);
insert  into `municipios`(`id_municipio`,`codigo_mh_municipio`,`codigo_municipio`,`codigo_departamento`,`municipio`,`estado`) values 
(1,'00','0000','00','Otro (Para extranjeros)',0),
(2,'13','1301','01','AHUACHAPÁN NORTE',1),
(3,'14','1401','01','AHUACHAPÁN CENTRO',1),
(4,'15','1501','01','AHUACHAPÁN SUR',1),
(5,'14','1402','02','SANTA ANA NORTE',1),
(6,'15','1502','02','SANTA ANA CENTRO',1),
(7,'16','1602','02','SANTA ANA ESTE',1),
(8,'17','1702','02','SANTA ANA OESTE',1),
(9,'17','1703','03','SONSONATE NORTE',1),
(10,'18','1803','03','SONSONATE CENTRO',1),
(11,'19','1903','03','SONSONATE ESTE',1),
(12,'20','2003','03','SONSONATE OESTE',1),
(13,'34','3404','04','CHALATENANGO NORTE',1),
(14,'35','3504','04','CHALATENANGO CENTRO',1),
(15,'36','3604','04','CHALATENANGO SUR',1),
(16,'23','2305','05','LA LIBERTAD NORTE',1),
(17,'24','2405','05','LA LIBERTAD CENTRO',1),
(18,'25','2505','05','LA LIBERTAD OESTE',1),
(19,'26','2605','05','LA LIBERTAD ESTE',1),
(20,'27','2705','05','LA LIBERTAD COSTA',1),
(21,'28','2805','05','LA LIBERTAD SUR',1),
(22,'20','2006','06','SAN SALVADOR NORTE',1),
(23,'21','2106','06','SAN SALVADOR OESTE',1),
(24,'22','2206','06','SAN SALVADOR ESTE',1),
(25,'23','2306','06','SAN SALVADOR CENTRO',1),
(26,'24','2406','06','SAN SALVADOR SUR',1),
(27,'17','1707','07','CUSCATLAN NORTE',1),
(28,'18','1807','07','CUSCATLAN SUR',1),
(29,'23','2308','08','LA PAZ OESTE',1),
(30,'24','2408','08','LA PAZ CENTRO',1),
(31,'25','2508','08','LA PAZ ESTE',1),
(32,'10','1009','09','CABAÑAS OESTE',1),
(33,'11','1109','09','CABAÑAS ESTE',1),
(34,'14','1410','10','SAN VICENTE NORTE',1),
(35,'15','1510','10','SAN VICENTE SUR',1),
(36,'24','2411','11','USULUTAN NORTE',1),
(37,'25','2511','11','USULUTAN ESTE',1),
(38,'26','2611','11','USULUTAN OESTE',1),
(39,'21','2112','12','SAN MIGUEL NORTE',1),
(40,'22','2212','12','SAN MIGUEL CENTRO',1),
(41,'23','2312','12','SAN MIGUEL OESTE',1),
(42,'27','2713','13','MORAZAN NORTE',1),
(43,'28','2813','13','MORAZAN SUR',1),
(44,'19','1914','14','LA UNION NORTE',1),
(45,'20','2014','14','LA UNION SUR',1);
SET FOREIGN_KEY_CHECKS=1;
